1,1,66,,Registered
2,1,121,,Registered
3,1,22,,Registered
4,1,55,,Registered
5,2,35,,Registered
6,2,78,,Registered
7,2,22,,Registered
8,2,19,,Registered
9,3,26,,Registered
10,3,153,,Registered
11,3,32,,Registered
12,3,132,,Registered
13,4,24,,Registered
14,4,74,,Registered
15,4,114,,Registered
16,4,67,,Registered
17,5,50,,Registered
18,5,62,,Registered
19,5,153,,Registered
20,5,133,,Registered
21,6,130,,Registered
22,6,136,,Registered
23,6,18,,Registered
24,6,46,,Registered
25,7,144,,Registered
26,7,72,,Registered
27,7,91,,Registered
28,7,93,,Registered
29,8,5,,Registered
30,8,59,,Registered
31,8,47,,Registered
32,8,87,,Registered
33,9,64,,Registered
34,9,59,,Registered
35,9,116,,Registered
36,9,1,,Registered
37,10,104,,Registered
38,10,122,,Registered
39,10,7,,Registered
40,10,46,,Registered
41,11,141,,Registered
42,11,102,,Registered
43,11,69,,Registered
44,11,10,,Registered
45,12,87,,Registered
46,12,48,,Registered
47,12,123,,Registered
48,12,20,,Registered
49,13,145,,Registered
50,13,20,,Registered
51,13,141,,Registered
52,13,136,,Registered
53,14,14,,Registered
54,14,121,,Registered
55,14,80,,Registered
56,14,51,,Registered
57,15,56,,Registered
58,15,155,,Registered
59,15,39,,Registered
60,15,31,,Registered
61,16,97,,Registered
62,16,48,,Registered
63,16,66,,Registered
64,16,70,,Registered
65,17,77,,Registered
66,17,126,,Registered
67,17,101,,Registered
68,17,113,,Registered
69,18,39,,Registered
70,18,93,,Registered
71,18,134,,Registered
72,18,90,,Registered
73,19,77,,Registered
74,19,75,,Registered
75,19,130,,Registered
76,19,148,,Registered
77,20,81,,Registered
78,20,138,,Registered
79,20,2,,Registered
80,20,119,,Registered
81,21,1,,Registered
82,21,66,,Registered
83,21,50,,Registered
84,21,94,,Registered
85,22,127,,Registered
86,22,103,,Registered
87,22,140,,Registered
88,22,52,,Registered
89,23,51,,Registered
90,23,15,,Registered
91,23,96,,Registered
92,23,13,,Registered
93,24,131,,Registered
94,24,39,,Registered
95,24,105,,Registered
96,24,57,,Registered
97,25,44,,Registered
98,25,41,,Registered
99,25,129,,Registered
100,25,111,,Registered
101,26,7,,Registered
102,26,89,,Registered
103,26,39,,Registered
104,26,115,,Registered
105,27,157,,Registered
106,27,34,,Registered
107,27,114,,Registered
108,27,133,,Registered
109,28,16,,Registered
110,28,30,,Registered
111,28,52,,Registered
112,28,13,,Registered
113,29,27,,Registered
114,29,133,,Registered
115,29,1,,Registered
116,29,26,,Registered
117,30,73,,Registered
118,30,148,,Registered
119,30,153,,Registered
120,30,83,,Registered
121,31,117,,Registered
122,31,60,,Registered
123,31,21,,Registered
124,31,4,,Registered
125,32,22,,Registered
126,32,54,,Registered
127,32,63,,Registered
128,32,138,,Registered
129,33,155,,Registered
130,33,48,,Registered
131,33,145,,Registered
132,33,92,,Registered
133,34,102,,Registered
134,34,94,,Registered
135,34,77,,Registered
136,34,145,,Registered
137,35,124,,Registered
138,35,48,,Registered
139,35,116,,Registered
140,35,38,,Registered
141,36,154,,Registered
142,36,139,,Registered
143,36,83,,Registered
144,36,123,,Registered
145,37,65,,Registered
146,37,28,,Registered
147,37,102,,Registered
148,37,113,,Registered
149,38,36,,Registered
150,38,85,,Registered
151,38,26,,Registered
152,38,48,,Registered
153,39,142,,Registered
154,39,52,,Registered
155,39,95,,Registered
156,39,145,,Registered
157,40,140,,Registered
158,40,118,,Registered
159,40,66,,Registered
160,40,138,,Registered
161,41,106,,Registered
162,41,125,,Registered
163,41,33,,Registered
164,41,31,,Registered
165,42,1,,Registered
166,42,35,,Registered
167,42,73,,Registered
168,42,38,,Registered
169,43,24,,Registered
170,43,104,,Registered
171,43,54,,Registered
172,43,96,,Registered
173,44,81,,Registered
174,44,7,,Registered
175,44,54,,Registered
176,44,106,,Registered
177,45,56,,Registered
178,45,61,,Registered
179,45,139,,Registered
180,45,123,,Registered
181,46,120,,Registered
182,46,40,,Registered
183,46,49,,Registered
184,46,62,,Registered
185,47,130,,Registered
186,47,81,,Registered
187,47,35,,Registered
188,47,141,,Registered
189,48,84,,Registered
190,48,30,,Registered
191,48,125,,Registered
192,48,120,,Registered
193,49,147,,Registered
194,49,63,,Registered
195,49,143,,Registered
196,49,66,,Registered
197,50,24,,Registered
198,50,72,,Registered
199,50,106,,Registered
200,50,143,,Registered
201,51,157,,Registered
202,51,78,,Registered
203,51,141,,Registered
204,51,98,,Registered
205,52,115,,Registered
206,52,116,,Registered
207,52,59,,Registered
208,52,36,,Registered
209,53,30,,Registered
210,53,113,,Registered
211,53,11,,Registered
212,53,41,,Registered
213,54,148,,Registered
214,54,13,,Registered
215,54,149,,Registered
216,54,50,,Registered
217,55,24,,Registered
218,55,63,,Registered
219,55,44,,Registered
220,55,156,,Registered
221,56,154,,Registered
222,56,105,,Registered
223,56,130,,Registered
224,56,47,,Registered
225,57,66,,Registered
226,57,59,,Registered
227,57,50,,Registered
228,57,26,,Registered
229,58,84,,Registered
230,58,81,,Registered
231,58,149,,Registered
232,58,9,,Registered
233,59,30,,Registered
234,59,95,,Registered
235,59,99,,Registered
236,59,133,,Registered
237,60,43,,Registered
238,60,135,,Registered
239,60,93,,Registered
240,60,14,,Registered
241,61,1,,Registered
242,61,20,,Registered
243,61,144,,Registered
244,61,126,,Registered
245,62,5,,Registered
246,62,104,,Registered
247,62,137,,Registered
248,62,134,,Registered
249,63,38,,Registered
250,63,146,,Registered
251,63,101,,Registered
252,63,55,,Registered
253,64,15,,Registered
254,64,61,,Registered
255,64,153,,Registered
256,64,6,,Registered
257,65,122,,Registered
258,65,153,,Registered
259,65,17,,Registered
260,65,145,,Registered
261,66,130,,Registered
262,66,121,,Registered
263,66,90,,Registered
264,66,68,,Registered
265,67,4,,Registered
266,67,150,,Registered
267,67,128,,Registered
268,67,74,,Registered
269,68,64,,Registered
270,68,77,,Registered
271,68,15,,Registered
272,68,36,,Registered
273,69,64,,Registered
274,69,45,,Registered
275,69,28,,Registered
276,69,148,,Registered
277,70,16,,Registered
278,70,124,,Registered
279,70,92,,Registered
280,70,118,,Registered
281,71,81,,Registered
282,71,5,,Registered
283,71,89,,Registered
284,71,111,,Registered
285,72,117,,Registered
286,72,38,,Registered
287,72,90,,Registered
288,72,147,,Registered
289,73,44,,Registered
290,73,15,,Registered
291,73,93,,Registered
292,73,104,,Registered
293,74,108,,Registered
294,74,24,,Registered
295,74,78,,Registered
296,74,156,,Registered
297,75,103,,Registered
298,75,144,,Registered
299,75,65,,Registered
300,75,112,,Registered
301,76,76,,Registered
302,76,103,,Registered
303,76,63,,Registered
304,76,133,,Registered
305,77,150,,Registered
306,77,124,,Registered
307,77,38,,Registered
308,77,58,,Registered
309,78,75,,Registered
310,78,57,,Registered
311,78,37,,Registered
312,78,98,,Registered
313,79,83,,Registered
314,79,91,,Registered
315,79,142,,Registered
316,79,148,,Registered
317,80,101,,Registered
318,80,76,,Registered
319,80,111,,Registered
320,80,124,,Registered
321,81,134,,Registered
322,81,104,,Registered
323,81,132,,Registered
324,81,114,,Registered
325,82,144,,Registered
326,82,79,,Registered
327,82,88,,Registered
328,82,92,,Registered
329,83,72,,Registered
330,83,129,,Registered
331,83,137,,Registered
332,83,4,,Registered
333,84,5,,Registered
334,84,24,,Registered
335,84,44,,Registered
336,84,60,,Registered
337,85,135,,Registered
338,85,65,,Registered
339,85,85,,Registered
340,85,83,,Registered
341,86,108,,Registered
342,86,28,,Registered
343,86,48,,Registered
344,86,143,,Registered
345,87,39,,Registered
346,87,11,,Registered
347,87,22,,Registered
348,87,98,,Registered
349,88,10,,Registered
350,88,131,,Registered
351,88,143,,Registered
352,88,126,,Registered
353,89,80,,Registered
354,89,56,,Registered
355,89,62,,Registered
356,89,122,,Registered
357,90,44,,Registered
358,90,108,,Registered
359,90,143,,Registered
360,90,130,,Registered
361,91,91,,Registered
362,91,33,,Registered
363,91,156,,Registered
364,91,137,,Registered
365,92,124,,Registered
366,92,49,,Registered
367,92,79,,Registered
368,92,99,,Registered
369,93,97,,Registered
370,93,157,,Registered
371,93,87,,Registered
372,93,104,,Registered
373,94,148,,Registered
374,94,157,,Registered
375,94,97,,Registered
376,94,143,,Registered
377,95,51,,Registered
378,95,17,,Registered
379,95,53,,Registered
380,95,111,,Registered
381,96,9,,Registered
382,96,36,,Registered
383,96,81,,Registered
384,96,54,,Registered
385,97,19,,Registered
386,97,65,,Registered
387,97,110,,Registered
388,97,37,,Registered
389,98,148,,Registered
390,98,85,,Registered
391,98,33,,Registered
392,98,67,,Registered
393,99,11,,Registered
394,99,42,,Registered
395,99,72,,Registered
396,99,124,,Registered
397,100,85,,Registered
398,100,42,,Registered
399,100,79,,Registered
400,100,36,,Registered
401,101,141,,Registered
402,101,96,,Registered
403,101,120,,Registered
404,101,104,,Registered
405,102,149,,Registered
406,102,122,,Registered
407,102,136,,Registered
408,102,140,,Registered
409,103,124,,Registered
410,103,77,,Registered
411,103,73,,Registered
412,103,48,,Registered
413,104,120,,Registered
414,104,16,,Registered
415,104,5,,Registered
416,104,157,,Registered
417,105,64,,Registered
418,105,130,,Registered
419,105,53,,Registered
420,105,141,,Registered
421,106,3,,Registered
422,106,149,,Registered
423,106,38,,Registered
424,106,5,,Registered
425,107,103,,Registered
426,107,75,,Registered
427,107,99,,Registered
428,107,87,,Registered
429,108,114,,Registered
430,108,142,,Registered
431,108,24,,Registered
432,108,104,,Registered
433,109,114,,Registered
434,109,141,,Registered
435,109,27,,Registered
436,109,92,,Registered
437,110,57,,Registered
438,110,91,,Registered
439,110,33,,Registered
440,110,117,,Registered
441,111,47,,Registered
442,111,23,,Registered
443,111,146,,Registered
444,111,76,,Registered
445,112,4,,Registered
446,112,145,,Registered
447,112,132,,Registered
448,112,50,,Registered
449,113,3,,Registered
450,113,37,,Registered
451,113,8,,Registered
452,113,57,,Registered
453,114,3,,Registered
454,114,69,,Registered
455,114,79,,Registered
456,114,41,,Registered
457,115,127,,Registered
458,115,60,,Registered
459,115,95,,Registered
460,115,100,,Registered
461,116,40,,Registered
462,116,23,,Registered
463,116,76,,Registered
464,116,58,,Registered
465,117,63,,Registered
466,117,99,,Registered
467,117,148,,Registered
468,117,48,,Registered
469,118,12,,Registered
470,118,73,,Registered
471,118,2,,Registered
472,118,86,,Registered
473,119,13,,Registered
474,119,60,,Registered
475,119,148,,Registered
476,119,66,,Registered
477,120,30,,Registered
478,120,48,,Registered
479,120,133,,Registered
480,120,118,,Registered
481,121,77,,Registered
482,121,44,,Registered
483,121,82,,Registered
484,121,94,,Registered
485,122,26,,Registered
486,122,3,,Registered
487,122,70,,Registered
488,122,38,,Registered
489,123,127,,Registered
490,123,32,,Registered
491,123,68,,Registered
492,123,27,,Registered
493,124,96,,Registered
494,124,21,,Registered
495,124,112,,Registered
496,124,139,,Registered
497,125,86,,Registered
498,125,93,,Registered
499,125,148,,Registered
500,125,156,,Registered
501,126,92,,Registered
502,126,73,,Registered
503,126,93,,Registered
504,126,43,,Registered
505,127,44,,Registered
506,127,89,,Registered
507,127,59,,Registered
508,127,52,,Registered
509,128,24,,Registered
510,128,56,,Registered
511,128,4,,Registered
512,128,18,,Registered
513,129,88,,Registered
514,129,101,,Registered
515,129,82,,Registered
516,129,47,,Registered
517,130,125,,Registered
518,130,96,,Registered
519,130,16,,Registered
520,130,143,,Registered
521,131,135,,Registered
522,131,84,,Registered
523,131,95,,Registered
524,131,100,,Registered
525,132,15,,Registered
526,132,95,,Registered
527,132,124,,Registered
528,132,57,,Registered
529,133,110,,Registered
530,133,39,,Registered
531,133,104,,Registered
532,133,80,,Registered
533,134,135,,Registered
534,134,25,,Registered
535,134,136,,Registered
536,134,47,,Registered
537,135,98,,Registered
538,135,68,,Registered
539,135,66,,Registered
540,135,79,,Registered
541,136,132,,Registered
542,136,76,,Registered
543,136,96,,Registered
544,136,112,,Registered
545,137,44,,Registered
546,137,102,,Registered
547,137,121,,Registered
548,137,9,,Registered
549,138,94,,Registered
550,138,63,,Registered
551,138,124,,Registered
552,138,31,,Registered
553,139,4,,Registered
554,139,89,,Registered
555,139,101,,Registered
556,139,93,,Registered
557,140,44,,Registered
558,140,46,,Registered
559,140,62,,Registered
560,140,128,,Registered
561,141,36,,Registered
562,141,48,,Registered
563,141,54,,Registered
564,141,14,,Registered
565,142,145,,Registered
566,142,28,,Registered
567,142,30,,Registered
568,142,72,,Registered
569,143,12,,Registered
570,143,37,,Registered
571,143,7,,Registered
572,143,62,,Registered
573,144,44,,Registered
574,144,33,,Registered
575,144,64,,Registered
576,144,112,,Registered
577,145,68,,Registered
578,145,95,,Registered
579,145,58,,Registered
580,145,29,,Registered
581,146,138,,Registered
582,146,19,,Registered
583,146,12,,Registered
584,146,148,,Registered
585,147,66,,Registered
586,147,8,,Registered
587,147,39,,Registered
588,147,68,,Registered
589,148,106,,Registered
590,148,145,,Registered
591,148,82,,Registered
592,148,115,,Registered
593,149,3,,Registered
594,149,48,,Registered
595,149,116,,Registered
596,149,130,,Registered
597,150,68,,Registered
598,150,131,,Registered
599,150,152,,Registered
600,150,33,,Registered
601,151,60,,Registered
602,151,123,,Registered
603,151,57,,Registered
604,151,86,,Registered
605,152,109,,Registered
606,152,129,,Registered
607,152,61,,Registered
608,152,111,,Registered
609,153,27,,Registered
610,153,57,,Registered
611,153,141,,Registered
612,153,107,,Registered
613,154,9,,Registered
614,154,90,,Registered
615,154,158,,Registered
616,154,145,,Registered
617,155,26,,Registered
618,155,95,,Registered
619,155,91,,Registered
620,155,153,,Registered
621,156,95,,Registered
622,156,61,,Registered
623,156,120,,Registered
624,156,67,,Registered
625,157,129,,Registered
626,157,132,,Registered
627,157,59,,Registered
628,157,25,,Registered
629,158,112,,Registered
630,158,7,,Registered
631,158,21,,Registered
632,158,4,,Registered
633,159,36,,Registered
634,159,19,,Registered
635,159,56,,Registered
636,159,104,,Registered
637,160,59,,Registered
638,160,14,,Registered
639,160,72,,Registered
640,160,142,,Registered
641,161,86,,Registered
642,161,30,,Registered
643,161,104,,Registered
644,161,84,,Registered
645,162,28,,Registered
646,162,125,,Registered
647,162,65,,Registered
648,162,30,,Registered
649,163,118,,Registered
650,163,117,,Registered
651,163,143,,Registered
652,163,113,,Registered
653,164,38,,Registered
654,164,7,,Registered
655,164,84,,Registered
656,164,143,,Registered
657,165,120,,Registered
658,165,121,,Registered
659,165,28,,Registered
660,165,35,,Registered
661,166,32,,Registered
662,166,43,,Registered
663,166,82,,Registered
664,166,33,,Registered
665,167,88,,Registered
666,167,8,,Registered
667,167,127,,Registered
668,167,112,,Registered
669,168,21,,Registered
670,168,84,,Registered
671,168,152,,Registered
672,168,3,,Registered
673,169,30,,Registered
674,169,47,,Registered
675,169,132,,Registered
676,169,141,,Registered
677,170,8,,Registered
678,170,154,,Registered
679,170,76,,Registered
680,170,81,,Registered
681,171,145,,Registered
682,171,3,,Registered
683,171,81,,Registered
684,171,58,,Registered
685,172,98,,Registered
686,172,96,,Registered
687,172,103,,Registered
688,172,115,,Registered
689,173,1,,Registered
690,173,62,,Registered
691,173,44,,Registered
692,173,58,,Registered
693,174,11,,Registered
694,174,104,,Registered
695,174,90,,Registered
696,174,121,,Registered
697,175,84,,Registered
698,175,141,,Registered
699,175,3,,Registered
700,175,128,,Registered
701,176,27,,Registered
702,176,107,,Registered
703,176,103,,Registered
704,176,125,,Registered
705,177,35,,Registered
706,177,112,,Registered
707,177,1,,Registered
708,177,59,,Registered
709,178,30,,Registered
710,178,79,,Registered
711,178,63,,Registered
712,178,85,,Registered
713,179,109,,Registered
714,179,92,,Registered
715,179,21,,Registered
716,179,130,,Registered
717,180,114,,Registered
718,180,17,,Registered
719,180,18,,Registered
720,180,118,,Registered
721,181,127,,Registered
722,181,40,,Registered
723,181,55,,Registered
724,181,154,,Registered
725,182,112,,Registered
726,182,60,,Registered
727,182,126,,Registered
728,182,101,,Registered
729,183,119,,Registered
730,183,79,,Registered
731,183,59,,Registered
732,183,120,,Registered
733,184,103,,Registered
734,184,95,,Registered
735,184,63,,Registered
736,184,47,,Registered
737,185,52,,Registered
738,185,132,,Registered
739,185,136,,Registered
740,185,11,,Registered
741,186,54,,Registered
742,186,29,,Registered
743,186,155,,Registered
744,186,62,,Registered
745,187,93,,Registered
746,187,66,,Registered
747,187,34,,Registered
748,187,50,,Registered
749,188,127,,Registered
750,188,45,,Registered
751,188,52,,Registered
752,188,7,,Registered
753,189,56,,Registered
754,189,119,,Registered
755,189,61,,Registered
756,189,142,,Registered
757,190,44,,Registered
758,190,51,,Registered
759,190,146,,Registered
760,190,66,,Registered
761,191,66,,Registered
762,191,47,,Registered
763,191,91,,Registered
764,191,57,,Registered
765,192,6,,Registered
766,192,83,,Registered
767,192,48,,Registered
768,192,26,,Registered
769,193,130,,Registered
770,193,66,,Registered
771,193,48,,Registered
772,193,151,,Registered
773,194,140,,Registered
774,194,9,,Registered
775,194,8,,Registered
776,194,50,,Registered
777,195,17,,Registered
778,195,7,,Registered
779,195,115,,Registered
780,195,113,,Registered
781,196,129,,Registered
782,196,76,,Registered
783,196,73,,Registered
784,196,79,,Registered
785,197,99,,Registered
786,197,58,,Registered
787,197,70,,Registered
788,197,124,,Registered
789,198,124,,Registered
790,198,69,,Registered
791,198,126,,Registered
792,198,148,,Registered
793,199,118,,Registered
794,199,79,,Registered
795,199,60,,Registered
796,199,12,,Registered
797,200,150,,Registered
798,200,58,,Registered
799,200,26,,Registered
800,200,157,,Registered
801,201,4,,Registered
802,201,42,,Registered
803,201,57,,Registered
804,201,132,,Registered
805,202,73,,Registered
806,202,146,,Registered
807,202,29,,Registered
808,202,121,,Registered
809,203,96,,Registered
810,203,74,,Registered
811,203,104,,Registered
812,203,66,,Registered
813,204,143,,Registered
814,204,93,,Registered
815,204,136,,Registered
816,204,130,,Registered
817,205,80,,Registered
818,205,65,,Registered
819,205,123,,Registered
820,205,104,,Registered
821,206,72,,Registered
822,206,126,,Registered
823,206,121,,Registered
824,206,154,,Registered
825,207,97,,Registered
826,207,126,,Registered
827,207,8,,Registered
828,207,21,,Registered
829,208,69,,Registered
830,208,94,,Registered
831,208,150,,Registered
832,208,87,,Registered
833,209,81,,Registered
834,209,103,,Registered
835,209,110,,Registered
836,209,60,,Registered
837,210,65,,Registered
838,210,58,,Registered
839,210,150,,Registered
840,210,17,,Registered
841,211,72,,Registered
842,211,94,,Registered
843,211,28,,Registered
844,211,143,,Registered
845,212,86,,Registered
846,212,84,,Registered
847,212,101,,Registered
848,212,23,,Registered
849,213,118,,Registered
850,213,22,,Registered
851,213,38,,Registered
852,213,56,,Registered
853,214,112,,Registered
854,214,92,,Registered
855,214,130,,Registered
856,214,111,,Registered
857,215,18,,Registered
858,215,137,,Registered
859,215,93,,Registered
860,215,67,,Registered
861,216,88,,Registered
862,216,27,,Registered
863,216,75,,Registered
864,216,92,,Registered
865,217,92,,Registered
866,217,2,,Registered
867,217,101,,Registered
868,217,28,,Registered
869,218,105,,Registered
870,218,46,,Registered
871,218,104,,Registered
872,218,12,,Registered
873,219,138,,Registered
874,219,114,,Registered
875,219,59,,Registered
876,219,107,,Registered
877,220,58,,Registered
878,220,147,,Registered
879,220,133,,Registered
880,220,158,,Registered
881,221,69,,Registered
882,221,26,,Registered
883,221,60,,Registered
884,221,36,,Registered
885,222,63,,Registered
886,222,60,,Registered
887,222,75,,Registered
888,222,49,,Registered
889,223,131,,Registered
890,223,128,,Registered
891,223,101,,Registered
892,223,104,,Registered
893,224,131,,Registered
894,224,125,,Registered
895,224,10,,Registered
896,224,55,,Registered
897,225,37,,Registered
898,225,73,,Registered
899,225,2,,Registered
900,225,8,,Registered
901,226,96,,Registered
902,226,129,,Registered
903,226,151,,Registered
904,226,7,,Registered
905,227,59,,Registered
906,227,32,,Registered
907,227,138,,Registered
908,227,6,,Registered
909,228,112,,Registered
910,228,91,,Registered
911,228,55,,Registered
912,228,136,,Registered
913,229,7,,Registered
914,229,42,,Registered
915,229,140,,Registered
916,229,37,,Registered
917,230,92,,Registered
918,230,34,,Registered
919,230,61,,Registered
920,230,60,,Registered
921,231,72,,Registered
922,231,45,,Registered
923,231,102,,Registered
924,231,68,,Registered
925,232,4,,Registered
926,232,40,,Registered
927,232,123,,Registered
928,232,47,,Registered
929,233,118,,Registered
930,233,114,,Registered
931,233,91,,Registered
932,233,120,,Registered
933,234,85,,Registered
934,234,47,,Registered
935,234,128,,Registered
936,234,52,,Registered
937,235,17,,Registered
938,235,3,,Registered
939,235,127,,Registered
940,235,153,,Registered
941,236,78,,Registered
942,236,21,,Registered
943,236,73,,Registered
944,236,92,,Registered
945,237,129,,Registered
946,237,130,,Registered
947,237,132,,Registered
948,237,153,,Registered
949,238,3,,Registered
950,238,146,,Registered
951,238,128,,Registered
952,238,147,,Registered
953,239,40,,Registered
954,239,4,,Registered
955,239,133,,Registered
956,239,123,,Registered
957,240,56,,Registered
958,240,18,,Registered
959,240,140,,Registered
960,240,38,,Registered
961,241,93,,Registered
962,241,105,,Registered
963,241,76,,Registered
964,241,138,,Registered
965,242,53,,Registered
966,242,119,,Registered
967,242,143,,Registered
968,242,46,,Registered
969,243,147,,Registered
970,243,33,,Registered
971,243,105,,Registered
972,243,148,,Registered
973,244,144,,Registered
974,244,97,,Registered
975,244,98,,Registered
976,244,136,,Registered
977,245,91,,Registered
978,245,79,,Registered
979,245,136,,Registered
980,245,128,,Registered
981,246,140,,Registered
982,246,126,,Registered
983,246,61,,Registered
984,246,54,,Registered
985,247,25,,Registered
986,247,49,,Registered
987,247,93,,Registered
988,247,50,,Registered
989,248,71,,Registered
990,248,56,,Registered
991,248,142,,Registered
992,248,102,,Registered
993,249,106,,Registered
994,249,104,,Registered
995,249,16,,Registered
996,249,93,,Registered
997,250,40,,Registered
998,250,129,,Registered
999,250,74,,Registered
1000,250,142,,Registered
1001,251,156,,Registered
1002,251,74,,Registered
1003,251,143,,Registered
1004,251,142,,Registered
1005,252,107,,Registered
1006,252,149,,Registered
1007,252,105,,Registered
1008,252,7,,Registered
1009,253,158,,Registered
1010,253,60,,Registered
1011,253,116,,Registered
1012,253,110,,Registered
1013,254,38,,Registered
1014,254,80,,Registered
1015,254,148,,Registered
1016,254,78,,Registered
1017,255,95,,Registered
1018,255,70,,Registered
1019,255,153,,Registered
1020,255,72,,Registered
1021,256,68,,Registered
1022,256,157,,Registered
1023,256,27,,Registered
1024,256,89,,Registered
1025,257,71,,Registered
1026,257,101,,Registered
1027,257,27,,Registered
1028,257,49,,Registered
1029,258,156,,Registered
1030,258,125,,Registered
1031,258,84,,Registered
1032,258,32,,Registered
1033,259,64,,Registered
1034,259,34,,Registered
1035,259,76,,Registered
1036,259,128,,Registered
1037,260,94,,Registered
1038,260,142,,Registered
1039,260,153,,Registered
1040,260,97,,Registered
1041,261,42,,Registered
1042,261,120,,Registered
1043,261,12,,Registered
1044,261,140,,Registered
1045,262,97,,Registered
1046,262,132,,Registered
1047,262,53,,Registered
1048,262,98,,Registered
1049,263,86,,Registered
1050,263,98,,Registered
1051,263,121,,Registered
1052,263,93,,Registered
1053,264,27,,Registered
1054,264,134,,Registered
1055,264,80,,Registered
1056,264,28,,Registered
1057,265,82,,Registered
1058,265,50,,Registered
1059,265,33,,Registered
1060,265,68,,Registered
1061,266,122,,Registered
1062,266,11,,Registered
1063,266,132,,Registered
1064,266,125,,Registered
1065,267,48,,Registered
1066,267,1,,Registered
1067,267,85,,Registered
1068,267,115,,Registered
1069,268,120,,Registered
1070,268,147,,Registered
1071,268,39,,Registered
1072,268,77,,Registered
1073,269,139,,Registered
1074,269,125,,Registered
1075,269,20,,Registered
1076,269,23,,Registered
1077,270,29,,Registered
1078,270,47,,Registered
1079,270,81,,Registered
1080,270,14,,Registered
1081,271,7,,Registered
1082,271,87,,Registered
1083,271,29,,Registered
1084,271,74,,Registered
1085,272,42,,Registered
1086,272,143,,Registered
1087,272,52,,Registered
1088,272,50,,Registered
1089,273,90,,Registered
1090,273,48,,Registered
1091,273,58,,Registered
1092,273,70,,Registered
1093,274,14,,Registered
1094,274,47,,Registered
1095,274,141,,Registered
1096,274,136,,Registered
1097,275,93,,Registered
1098,275,81,,Registered
1099,275,149,,Registered
1100,275,139,,Registered
1101,276,154,,Registered
1102,276,115,,Registered
1103,276,108,,Registered
1104,276,111,,Registered
1105,277,93,,Registered
1106,277,70,,Registered
1107,277,65,,Registered
1108,277,104,,Registered
1109,278,18,,Registered
1110,278,12,,Registered
1111,278,79,,Registered
1112,278,35,,Registered
1113,279,100,,Registered
1114,279,28,,Registered
1115,279,32,,Registered
1116,279,67,,Registered
1117,280,146,,Registered
1118,280,5,,Registered
1119,280,136,,Registered
1120,280,33,,Registered
1121,281,97,,Registered
1122,281,152,,Registered
1123,281,136,,Registered
1124,281,102,,Registered
1125,282,97,,Registered
1126,282,149,,Registered
1127,282,79,,Registered
1128,282,105,,Registered
1129,283,109,,Registered
1130,283,111,,Registered
1131,283,28,,Registered
1132,283,57,,Registered
1133,284,87,,Registered
1134,284,153,,Registered
1135,284,93,,Registered
1136,284,106,,Registered
1137,285,27,,Registered
1138,285,22,,Registered
1139,285,97,,Registered
1140,285,110,,Registered
1141,286,63,,Registered
1142,286,104,,Registered
1143,286,48,,Registered
1144,286,155,,Registered
1145,287,88,,Registered
1146,287,98,,Registered
1147,287,105,,Registered
1148,287,137,,Registered
1149,288,36,,Registered
1150,288,49,,Registered
1151,288,9,,Registered
1152,288,51,,Registered
1153,289,145,,Registered
1154,289,10,,Registered
1155,289,13,,Registered
1156,289,139,,Registered
1157,290,128,,Registered
1158,290,130,,Registered
1159,290,19,,Registered
1160,290,152,,Registered
1161,291,28,,Registered
1162,291,90,,Registered
1163,291,87,,Registered
1164,291,110,,Registered
1165,292,38,,Registered
1166,292,35,,Registered
1167,292,56,,Registered
1168,292,93,,Registered
1169,293,130,,Registered
1170,293,8,,Registered
1171,293,54,,Registered
1172,293,48,,Registered
1173,294,99,,Registered
1174,294,72,,Registered
1175,294,75,,Registered
1176,294,5,,Registered
1177,295,27,,Registered
1178,295,126,,Registered
1179,295,102,,Registered
1180,295,65,,Registered
1181,296,50,,Registered
1182,296,66,,Registered
1183,296,39,,Registered
1184,296,12,,Registered
1185,297,4,,Registered
1186,297,129,,Registered
1187,297,40,,Registered
1188,297,102,,Registered
1189,298,142,,Registered
1190,298,72,,Registered
1191,298,102,,Registered
1192,298,16,,Registered
1193,299,53,,Registered
1194,299,86,,Registered
1195,299,145,,Registered
1196,299,49,,Registered
1197,300,149,,Registered
1198,300,33,,Registered
1199,300,13,,Registered
1200,300,153,,Registered
1201,301,31,,Registered
1202,301,3,,Registered
1203,301,66,,Registered
1204,301,48,,Registered
1205,302,79,,Registered
1206,302,41,,Registered
1207,302,123,,Registered
1208,302,118,,Registered
1209,303,29,,Registered
1210,303,8,,Registered
1211,303,40,,Registered
1212,303,5,,Registered
1213,304,138,,Registered
1214,304,74,,Registered
1215,304,63,,Registered
1216,304,45,,Registered
1217,305,93,,Registered
1218,305,3,,Registered
1219,305,117,,Registered
1220,305,74,,Registered
1221,306,70,,Registered
1222,306,74,,Registered
1223,306,126,,Registered
1224,306,100,,Registered
1225,307,146,,Registered
1226,307,20,,Registered
1227,307,144,,Registered
1228,307,96,,Registered
1229,308,89,,Registered
1230,308,102,,Registered
1231,308,109,,Registered
1232,308,116,,Registered
1233,309,102,,Registered
1234,309,65,,Registered
1235,309,34,,Registered
1236,309,50,,Registered
1237,310,55,,Registered
1238,310,149,,Registered
1239,310,33,,Registered
1240,310,23,,Registered
1241,311,132,,Registered
1242,311,35,,Registered
1243,311,122,,Registered
1244,311,36,,Registered
1245,312,12,,Registered
1246,312,115,,Registered
1247,312,70,,Registered
1248,312,59,,Registered
1249,313,18,,Registered
1250,313,81,,Registered
1251,313,128,,Registered
1252,313,126,,Registered
1253,314,91,,Registered
1254,314,125,,Registered
1255,314,109,,Registered
1256,314,14,,Registered
1257,315,141,,Registered
1258,315,23,,Registered
1259,315,1,,Registered
1260,315,24,,Registered
1261,316,21,,Registered
1262,316,104,,Registered
1263,316,153,,Registered
1264,316,54,,Registered
1265,317,24,,Registered
1266,317,26,,Registered
1267,317,75,,Registered
1268,317,126,,Registered
1269,318,104,,Registered
1270,318,97,,Registered
1271,318,25,,Registered
1272,318,8,,Registered
1273,319,151,,Registered
1274,319,52,,Registered
1275,319,60,,Registered
1276,319,148,,Registered
1277,320,48,,Registered
1278,320,40,,Registered
1279,320,19,,Registered
1280,320,74,,Registered
1281,321,143,,Registered
1282,321,57,,Registered
1283,321,17,,Registered
1284,321,21,,Registered
1285,322,89,,Registered
1286,322,57,,Registered
1287,322,124,,Registered
1288,322,1,,Registered
1289,323,147,,Registered
1290,323,133,,Registered
1291,323,104,,Registered
1292,323,76,,Registered
1293,324,105,,Registered
1294,324,73,,Registered
1295,324,31,,Registered
1296,324,115,,Registered
1297,325,60,,Registered
1298,325,27,,Registered
1299,325,126,,Registered
1300,325,70,,Registered
1301,326,156,,Registered
1302,326,9,,Registered
1303,326,126,,Registered
1304,326,52,,Registered
1305,327,158,,Registered
1306,327,12,,Registered
1307,327,132,,Registered
1308,327,96,,Registered
1309,328,143,,Registered
1310,328,136,,Registered
1311,328,82,,Registered
1312,328,25,,Registered
1313,329,88,,Registered
1314,329,131,,Registered
1315,329,33,,Registered
1316,329,93,,Registered
1317,330,39,,Registered
1318,330,7,,Registered
1319,330,32,,Registered
1320,330,72,,Registered
1321,331,20,,Registered
1322,331,133,,Registered
1323,331,138,,Registered
1324,331,100,,Registered
1325,332,93,,Registered
1326,332,92,,Registered
1327,332,100,,Registered
1328,332,122,,Registered
1329,333,140,,Registered
1330,333,102,,Registered
1331,333,76,,Registered
1332,333,78,,Registered
1333,334,59,,Registered
1334,334,6,,Registered
1335,334,134,,Registered
1336,334,114,,Registered
1337,335,91,,Registered
1338,335,93,,Registered
1339,335,101,,Registered
1340,335,139,,Registered
1341,336,96,,Registered
1342,336,148,,Registered
1343,336,24,,Registered
1344,336,76,,Registered
1345,337,79,,Registered
1346,337,65,,Registered
1347,337,122,,Registered
1348,337,91,,Registered
1349,338,42,,Registered
1350,338,68,,Registered
1351,338,64,,Registered
1352,338,4,,Registered
1353,339,19,,Registered
1354,339,18,,Registered
1355,339,39,,Registered
1356,339,92,,Registered
1357,340,68,,Registered
1358,340,131,,Registered
1359,340,84,,Registered
1360,340,110,,Registered
1361,341,20,,Registered
1362,341,42,,Registered
1363,341,156,,Registered
1364,341,125,,Registered
1365,342,98,,Registered
1366,342,36,,Registered
1367,342,42,,Registered
1368,342,112,,Registered
1369,343,105,,Registered
1370,343,95,,Registered
1371,343,40,,Registered
1372,343,72,,Registered
1373,344,20,,Registered
1374,344,74,,Registered
1375,344,25,,Registered
1376,344,26,,Registered
1377,345,32,,Registered
1378,345,48,,Registered
1379,345,138,,Registered
1380,345,19,,Registered
1381,346,53,,Registered
1382,346,71,,Registered
1383,346,4,,Registered
1384,346,55,,Registered
1385,347,156,,Registered
1386,347,58,,Registered
1387,347,6,,Registered
1388,347,104,,Registered
1389,348,70,,Registered
1390,348,84,,Registered
1391,348,88,,Registered
1392,348,77,,Registered
1393,349,151,,Registered
1394,349,68,,Registered
1395,349,2,,Registered
1396,349,98,,Registered
1397,350,49,,Registered
1398,350,136,,Registered
1399,350,4,,Registered
1400,350,87,,Registered
1401,351,40,,Registered
1402,351,93,,Registered
1403,351,20,,Registered
1404,351,42,,Registered
1405,352,43,,Registered
1406,352,129,,Registered
1407,352,149,,Registered
1408,352,132,,Registered
1409,353,59,,Registered
1410,353,130,,Registered
1411,353,47,,Registered
1412,353,83,,Registered
1413,354,40,,Registered
1414,354,76,,Registered
1415,354,50,,Registered
1416,354,30,,Registered
1417,355,7,,Registered
1418,355,130,,Registered
1419,355,107,,Registered
1420,355,125,,Registered
1421,356,37,,Registered
1422,356,102,,Registered
1423,356,77,,Registered
1424,356,111,,Registered
1425,357,103,,Registered
1426,357,155,,Registered
1427,357,50,,Registered
1428,357,140,,Registered
1429,358,158,,Registered
1430,358,109,,Registered
1431,358,134,,Registered
1432,358,116,,Registered
1433,359,25,,Registered
1434,359,143,,Registered
1435,359,94,,Registered
1436,359,137,,Registered
1437,360,118,,Registered
1438,360,123,,Registered
1439,360,7,,Registered
1440,360,26,,Registered
1441,361,147,,Registered
1442,361,37,,Registered
1443,361,4,,Registered
1444,361,35,,Registered
1445,362,119,,Registered
1446,362,154,,Registered
1447,362,157,,Registered
1448,362,52,,Registered
1449,363,141,,Registered
1450,363,3,,Registered
1451,363,59,,Registered
1452,363,143,,Registered
1453,364,34,,Registered
1454,364,52,,Registered
1455,364,81,,Registered
1456,364,6,,Registered
1457,365,84,,Registered
1458,365,61,,Registered
1459,365,7,,Registered
1460,365,90,,Registered
1461,366,100,,Registered
1462,366,96,,Registered
1463,366,118,,Registered
1464,366,70,,Registered
1465,367,124,,Registered
1466,367,125,,Registered
1467,367,77,,Registered
1468,367,51,,Registered
1469,368,25,,Registered
1470,368,121,,Registered
1471,368,35,,Registered
1472,368,92,,Registered
1473,369,63,,Registered
1474,369,33,,Registered
1475,369,147,,Registered
1476,369,116,,Registered
1477,370,48,,Registered
1478,370,134,,Registered
1479,370,102,,Registered
1480,370,61,,Registered
1481,371,47,,Registered
1482,371,122,,Registered
1483,371,105,,Registered
1484,371,142,,Registered
1485,372,4,,Registered
1486,372,106,,Registered
1487,372,73,,Registered
1488,372,120,,Registered
1489,373,145,,Registered
1490,373,93,,Registered
1491,373,152,,Registered
1492,373,6,,Registered
1493,374,59,,Registered
1494,374,33,,Registered
1495,374,84,,Registered
1496,374,97,,Registered
1497,375,63,,Registered
1498,375,35,,Registered
1499,375,127,,Registered
1500,375,93,,Registered
1501,376,5,,Registered
1502,376,86,,Registered
1503,376,43,,Registered
1504,376,48,,Registered
1505,377,95,,Registered
1506,377,85,,Registered
1507,377,58,,Registered
1508,377,131,,Registered
1509,378,102,,Registered
1510,378,87,,Registered
1511,378,151,,Registered
1512,378,21,,Registered
1513,379,68,,Registered
1514,379,66,,Registered
1515,379,8,,Registered
1516,379,17,,Registered
1517,380,98,,Registered
1518,380,14,,Registered
1519,380,2,,Registered
1520,380,105,,Registered
1521,381,43,,Registered
1522,381,47,,Registered
1523,381,65,,Registered
1524,381,105,,Registered
1525,382,24,,Registered
1526,382,6,,Registered
1527,382,61,,Registered
1528,382,18,,Registered
1529,383,42,,Registered
1530,383,33,,Registered
1531,383,60,,Registered
1532,383,75,,Registered
1533,384,46,,Registered
1534,384,131,,Registered
1535,384,96,,Registered
1536,384,63,,Registered
1537,385,104,,Registered
1538,385,41,,Registered
1539,385,157,,Registered
1540,385,134,,Registered
1541,386,4,,Registered
1542,386,138,,Registered
1543,386,153,,Registered
1544,386,28,,Registered
1545,387,138,,Registered
1546,387,154,,Registered
1547,387,143,,Registered
1548,387,100,,Registered
1549,388,3,,Registered
1550,388,155,,Registered
1551,388,143,,Registered
1552,388,94,,Registered
1553,389,40,,Registered
1554,389,74,,Registered
1555,389,69,,Registered
1556,389,27,,Registered
1557,390,8,,Registered
1558,390,87,,Registered
1559,390,28,,Registered
1560,390,62,,Registered
1561,391,145,,Registered
1562,391,150,,Registered
1563,391,48,,Registered
1564,391,20,,Registered
1565,392,52,,Registered
1566,392,128,,Registered
1567,392,98,,Registered
1568,392,112,,Registered
1569,393,87,,Registered
1570,393,11,,Registered
1571,393,104,,Registered
1572,393,59,,Registered
1573,394,7,,Registered
1574,394,75,,Registered
1575,394,20,,Registered
1576,394,145,,Registered
1577,395,126,,Registered
1578,395,28,,Registered
1579,395,83,,Registered
1580,395,8,,Registered
1581,396,9,,Registered
1582,396,110,,Registered
1583,396,92,,Registered
1584,396,111,,Registered
1585,397,106,,Registered
1586,397,92,,Registered
1587,397,102,,Registered
1588,397,127,,Registered
1589,398,63,,Registered
1590,398,72,,Registered
1591,398,62,,Registered
1592,398,95,,Registered
1593,399,88,,Registered
1594,399,74,,Registered
1595,399,157,,Registered
1596,399,91,,Registered
1597,400,31,,Registered
1598,400,5,,Registered
1599,400,129,,Registered
1600,400,135,,Registered
1601,401,110,,Registered
1602,401,83,,Registered
1603,401,18,,Registered
1604,401,116,,Registered
1605,402,102,,Registered
1606,402,75,,Registered
1607,402,36,,Registered
1608,402,150,,Registered
1609,403,98,,Registered
1610,403,57,,Registered
1611,403,158,,Registered
1612,403,129,,Registered
1613,404,134,,Registered
1614,404,43,,Registered
1615,404,103,,Registered
1616,404,138,,Registered
1617,405,149,,Registered
1618,405,117,,Registered
1619,405,121,,Registered
1620,405,59,,Registered
1621,406,101,,Registered
1622,406,42,,Registered
1623,406,7,,Registered
1624,406,39,,Registered
1625,407,105,,Registered
1626,407,42,,Registered
1627,407,92,,Registered
1628,407,137,,Registered
1629,408,53,,Registered
1630,408,97,,Registered
1631,408,100,,Registered
1632,408,48,,Registered
1633,409,44,,Registered
1634,409,141,,Registered
1635,409,50,,Registered
1636,409,41,,Registered
1637,410,93,,Registered
1638,410,19,,Registered
1639,410,25,,Registered
1640,410,61,,Registered
1641,411,17,,Registered
1642,411,113,,Registered
1643,411,20,,Registered
1644,411,10,,Registered
1645,412,143,,Registered
1646,412,153,,Registered
1647,412,157,,Registered
1648,412,5,,Registered
1649,413,22,,Registered
1650,413,151,,Registered
1651,413,14,,Registered
1652,413,83,,Registered
1653,414,91,,Registered
1654,414,147,,Registered
1655,414,126,,Registered
1656,414,3,,Registered
1657,415,105,,Registered
1658,415,41,,Registered
1659,415,85,,Registered
1660,415,60,,Registered
1661,416,87,,Registered
1662,416,82,,Registered
1663,416,111,,Registered
1664,416,57,,Registered
1665,417,71,,Registered
1666,417,99,,Registered
1667,417,139,,Registered
1668,417,132,,Registered
1669,418,59,,Registered
1670,418,110,,Registered
1671,418,6,,Registered
1672,418,116,,Registered
1673,419,120,,Registered
1674,419,155,,Registered
1675,419,15,,Registered
1676,419,112,,Registered
1677,420,91,,Registered
1678,420,126,,Registered
1679,420,155,,Registered
1680,420,63,,Registered
1681,421,52,,Registered
1682,421,143,,Registered
1683,421,103,,Registered
1684,421,120,,Registered
1685,422,153,,Registered
1686,422,126,,Registered
1687,422,95,,Registered
1688,422,15,,Registered
1689,423,120,,Registered
1690,423,123,,Registered
1691,423,20,,Registered
1692,423,151,,Registered
1693,424,50,,Registered
1694,424,53,,Registered
1695,424,88,,Registered
1696,424,28,,Registered
1697,425,145,,Registered
1698,425,150,,Registered
1699,425,29,,Registered
1700,425,65,,Registered
1701,426,61,,Registered
1702,426,91,,Registered
1703,426,52,,Registered
1704,426,20,,Registered
1705,427,39,,Registered
1706,427,19,,Registered
1707,427,48,,Registered
1708,427,70,,Registered
1709,428,116,,Registered
1710,428,72,,Registered
1711,428,42,,Registered
1712,428,18,,Registered
1713,429,92,,Registered
1714,429,94,,Registered
1715,429,48,,Registered
1716,429,32,,Registered
1717,430,155,,Registered
1718,430,112,,Registered
1719,430,59,,Registered
1720,430,79,,Registered
1721,431,29,,Registered
1722,431,22,,Registered
1723,431,47,,Registered
1724,431,153,,Registered
1725,432,56,,Registered
1726,432,36,,Registered
1727,432,75,,Registered
1728,432,59,,Registered
1729,433,145,,Registered
1730,433,143,,Registered
1731,433,144,,Registered
1732,433,148,,Registered
1733,434,58,,Registered
1734,434,5,,Registered
1735,434,37,,Registered
1736,434,59,,Registered
1737,435,111,,Registered
1738,435,74,,Registered
1739,435,44,,Registered
1740,435,88,,Registered
1741,436,98,,Registered
1742,436,97,,Registered
1743,436,36,,Registered
1744,436,53,,Registered
1745,437,21,,Registered
1746,437,148,,Registered
1747,437,28,,Registered
1748,437,153,,Registered
1749,438,13,,Registered
1750,438,8,,Registered
1751,438,82,,Registered
1752,438,46,,Registered
1753,439,42,,Registered
1754,439,140,,Registered
1755,439,43,,Registered
1756,439,120,,Registered
1757,440,20,,Registered
1758,440,81,,Registered
1759,440,117,,Registered
1760,440,6,,Registered
1761,441,114,,Registered
1762,441,10,,Registered
1763,441,9,,Registered
1764,441,74,,Registered
1765,442,107,,Registered
1766,442,49,,Registered
1767,442,5,,Registered
1768,442,89,,Registered
1769,443,85,,Registered
1770,443,3,,Registered
1771,443,104,,Registered
1772,443,153,,Registered
1773,444,70,,Registered
1774,444,8,,Registered
1775,444,60,,Registered
1776,444,88,,Registered
1777,445,64,,Registered
1778,445,103,,Registered
1779,445,146,,Registered
1780,445,99,,Registered
1781,446,22,,Registered
1782,446,9,,Registered
1783,446,158,,Registered
1784,446,59,,Registered
1785,447,156,,Registered
1786,447,113,,Registered
1787,447,52,,Registered
1788,447,23,,Registered
1789,448,44,,Registered
1790,448,125,,Registered
1791,448,14,,Registered
1792,448,86,,Registered
1793,449,7,,Registered
1794,449,44,,Registered
1795,449,113,,Registered
1796,449,106,,Registered
1797,450,45,,Registered
1798,450,58,,Registered
1799,450,4,,Registered
1800,450,106,,Registered
1801,451,133,,Registered
1802,451,38,,Registered
1803,451,151,,Registered
1804,451,18,,Registered
1805,452,17,,Registered
1806,452,29,,Registered
1807,452,20,,Registered
1808,452,30,,Registered
1809,453,141,,Registered
1810,453,12,,Registered
1811,453,91,,Registered
1812,453,130,,Registered
1813,454,44,,Registered
1814,454,98,,Registered
1815,454,76,,Registered
1816,454,74,,Registered
1817,455,92,,Registered
1818,455,63,,Registered
1819,455,93,,Registered
1820,455,57,,Registered
1821,456,146,,Registered
1822,456,30,,Registered
1823,456,63,,Registered
1824,456,7,,Registered
1825,457,70,,Registered
1826,457,51,,Registered
1827,457,94,,Registered
1828,457,1,,Registered
1829,458,64,,Registered
1830,458,126,,Registered
1831,458,84,,Registered
1832,458,40,,Registered
1833,459,129,,Registered
1834,459,68,,Registered
1835,459,5,,Registered
1836,459,63,,Registered
1837,460,143,,Registered
1838,460,95,,Registered
1839,460,83,,Registered
1840,460,25,,Registered
1841,461,92,,Registered
1842,461,33,,Registered
1843,461,112,,Registered
1844,461,134,,Registered
1845,462,114,,Registered
1846,462,86,,Registered
1847,462,91,,Registered
1848,462,79,,Registered
1849,463,10,,Registered
1850,463,7,,Registered
1851,463,98,,Registered
1852,463,145,,Registered
1853,464,111,,Registered
1854,464,81,,Registered
1855,464,34,,Registered
1856,464,156,,Registered
1857,465,45,,Registered
1858,465,91,,Registered
1859,465,5,,Registered
1860,465,52,,Registered
1861,466,118,,Registered
1862,466,36,,Registered
1863,466,145,,Registered
1864,466,134,,Registered
1865,467,18,,Registered
1866,467,70,,Registered
1867,467,151,,Registered
1868,467,158,,Registered
1869,468,43,,Registered
1870,468,80,,Registered
1871,468,74,,Registered
1872,468,140,,Registered
1873,469,13,,Registered
1874,469,80,,Registered
1875,469,134,,Registered
1876,469,157,,Registered
1877,470,51,,Registered
1878,470,59,,Registered
1879,470,66,,Registered
1880,470,115,,Registered
1881,471,5,,Registered
1882,471,138,,Registered
1883,471,104,,Registered
1884,471,2,,Registered
1885,472,42,,Registered
1886,472,130,,Registered
1887,472,59,,Registered
1888,472,95,,Registered
1889,473,63,,Registered
1890,473,135,,Registered
1891,473,130,,Registered
1892,473,100,,Registered
1893,474,156,,Registered
1894,474,21,,Registered
1895,474,112,,Registered
1896,474,66,,Registered
1897,475,74,,Registered
1898,475,5,,Registered
1899,475,140,,Registered
1900,475,78,,Registered
1901,476,42,,Registered
1902,476,114,,Registered
1903,476,10,,Registered
1904,476,126,,Registered
1905,477,65,,Registered
1906,477,103,,Registered
1907,477,5,,Registered
1908,477,77,,Registered
1909,478,105,,Registered
1910,478,19,,Registered
1911,478,39,,Registered
1912,478,12,,Registered
1913,479,154,,Registered
1914,479,84,,Registered
1915,479,80,,Registered
1916,479,126,,Registered
1917,480,108,,Registered
1918,480,2,,Registered
1919,480,101,,Registered
1920,480,19,,Registered
1921,481,90,,Registered
1922,481,86,,Registered
1923,481,98,,Registered
1924,481,87,,Registered
1925,482,34,,Registered
1926,482,12,,Registered
1927,482,150,,Registered
1928,482,54,,Registered
1929,483,61,,Registered
1930,483,22,,Registered
1931,483,43,,Registered
1932,483,106,,Registered
1933,484,136,,Registered
1934,484,126,,Registered
1935,484,89,,Registered
1936,484,129,,Registered
1937,485,77,,Registered
1938,485,2,,Registered
1939,485,97,,Registered
1940,485,55,,Registered
1941,486,51,,Registered
1942,486,38,,Registered
1943,486,143,,Registered
1944,486,130,,Registered
1945,487,35,,Registered
1946,487,77,,Registered
1947,487,32,,Registered
1948,487,28,,Registered
1949,488,30,,Registered
1950,488,88,,Registered
1951,488,89,,Registered
1952,488,69,,Registered
1953,489,136,,Registered
1954,489,108,,Registered
1955,489,55,,Registered
1956,489,20,,Registered
1957,490,46,,Registered
1958,490,58,,Registered
1959,490,50,,Registered
1960,490,109,,Registered
1961,491,3,,Registered
1962,491,135,,Registered
1963,491,143,,Registered
1964,491,116,,Registered
1965,492,34,,Registered
1966,492,145,,Registered
1967,492,55,,Registered
1968,492,105,,Registered
1969,493,39,,Registered
1970,493,151,,Registered
1971,493,44,,Registered
1972,493,94,,Registered
1973,494,35,,Registered
1974,494,134,,Registered
1975,494,34,,Registered
1976,494,21,,Registered
1977,495,84,,Registered
1978,495,98,,Registered
1979,495,85,,Registered
1980,495,93,,Registered
1981,496,16,,Registered
1982,496,52,,Registered
1983,496,148,,Registered
1984,496,42,,Registered
1985,497,3,,Registered
1986,497,79,,Registered
1987,497,107,,Registered
1988,497,83,,Registered
1989,498,71,,Registered
1990,498,36,,Registered
1991,498,81,,Registered
1992,498,92,,Registered
1993,499,36,,Registered
1994,499,40,,Registered
1995,499,86,,Registered
1996,499,148,,Registered
1997,500,67,,Registered
1998,500,16,,Registered
1999,500,108,,Registered
2000,500,76,,Registered
2001,501,123,,Registered
2002,501,22,,Registered
2003,501,7,,Registered
2004,501,70,,Registered
2005,502,23,,Registered
2006,502,54,,Registered
2007,502,59,,Registered
2008,502,24,,Registered
2009,503,92,,Registered
2010,503,2,,Registered
2011,503,77,,Registered
2012,503,82,,Registered
2013,504,66,,Registered
2014,504,131,,Registered
2015,504,147,,Registered
2016,504,109,,Registered
2017,505,131,,Registered
2018,505,50,,Registered
2019,505,91,,Registered
2020,505,21,,Registered
2021,506,156,,Registered
2022,506,86,,Registered
2023,506,99,,Registered
2024,506,2,,Registered
2025,507,115,,Registered
2026,507,108,,Registered
2027,507,76,,Registered
2028,507,91,,Registered
2029,508,80,,Registered
2030,508,91,,Registered
2031,508,23,,Registered
2032,508,32,,Registered
2033,509,54,,Registered
2034,509,65,,Registered
2035,509,105,,Registered
2036,509,122,,Registered
2037,510,112,,Registered
2038,510,130,,Registered
2039,510,21,,Registered
2040,510,5,,Registered
2041,511,32,,Registered
2042,511,153,,Registered
2043,511,36,,Registered
2044,511,141,,Registered
2045,512,112,,Registered
2046,512,90,,Registered
2047,512,124,,Registered
2048,512,139,,Registered
2049,513,56,,Registered
2050,513,28,,Registered
2051,513,153,,Registered
2052,513,125,,Registered
2053,514,115,,Registered
2054,514,54,,Registered
2055,514,93,,Registered
2056,514,135,,Registered
2057,515,153,,Registered
2058,515,11,,Registered
2059,515,154,,Registered
2060,515,150,,Registered
2061,516,118,,Registered
2062,516,76,,Registered
2063,516,111,,Registered
2064,516,145,,Registered
2065,517,35,,Registered
2066,517,18,,Registered
2067,517,118,,Registered
2068,517,43,,Registered
2069,518,76,,Registered
2070,518,90,,Registered
2071,518,101,,Registered
2072,518,77,,Registered
2073,519,68,,Registered
2074,519,102,,Registered
2075,519,8,,Registered
2076,519,1,,Registered
2077,520,145,,Registered
2078,520,6,,Registered
2079,520,48,,Registered
2080,520,135,,Registered
2081,521,147,,Registered
2082,521,8,,Registered
2083,521,133,,Registered
2084,521,132,,Registered
2085,522,149,,Registered
2086,522,30,,Registered
2087,522,72,,Registered
2088,522,77,,Registered
2089,523,74,,Registered
2090,523,85,,Registered
2091,523,135,,Registered
2092,523,93,,Registered
2093,524,78,,Registered
2094,524,10,,Registered
2095,524,128,,Registered
2096,524,47,,Registered
2097,525,101,,Registered
2098,525,60,,Registered
2099,525,72,,Registered
2100,525,10,,Registered
2101,526,3,,Registered
2102,526,150,,Registered
2103,526,34,,Registered
2104,526,89,,Registered
2105,527,20,,Registered
2106,527,143,,Registered
2107,527,75,,Registered
2108,527,95,,Registered
2109,528,114,,Registered
2110,528,42,,Registered
2111,528,129,,Registered
2112,528,11,,Registered
2113,529,98,,Registered
2114,529,3,,Registered
2115,529,85,,Registered
2116,529,127,,Registered
2117,530,74,,Registered
2118,530,143,,Registered
2119,530,110,,Registered
2120,530,20,,Registered
2121,531,32,,Registered
2122,531,39,,Registered
2123,531,136,,Registered
2124,531,117,,Registered
2125,532,54,,Registered
2126,532,7,,Registered
2127,532,57,,Registered
2128,532,136,,Registered
2129,533,109,,Registered
2130,533,26,,Registered
2131,533,4,,Registered
2132,533,10,,Registered
2133,534,29,,Registered
2134,534,108,,Registered
2135,534,65,,Registered
2136,534,127,,Registered
2137,535,93,,Registered
2138,535,113,,Registered
2139,535,64,,Registered
2140,535,120,,Registered
2141,536,59,,Registered
2142,536,107,,Registered
2143,536,157,,Registered
2144,536,27,,Registered
2145,537,43,,Registered
2146,537,32,,Registered
2147,537,123,,Registered
2148,537,105,,Registered
2149,538,77,,Registered
2150,538,151,,Registered
2151,538,24,,Registered
2152,538,25,,Registered
2153,539,151,,Registered
2154,539,85,,Registered
2155,539,91,,Registered
2156,539,137,,Registered
2157,540,75,,Registered
2158,540,34,,Registered
2159,540,10,,Registered
2160,540,32,,Registered
2161,541,91,,Registered
2162,541,71,,Registered
2163,541,96,,Registered
2164,541,58,,Registered
2165,542,143,,Registered
2166,542,107,,Registered
2167,542,49,,Registered
2168,542,96,,Registered
2169,543,114,,Registered
2170,543,37,,Registered
2171,543,45,,Registered
2172,543,91,,Registered
2173,544,95,,Registered
2174,544,119,,Registered
2175,544,76,,Registered
2176,544,116,,Registered
2177,545,153,,Registered
2178,545,88,,Registered
2179,545,45,,Registered
2180,545,157,,Registered
2181,546,101,,Registered
2182,546,122,,Registered
2183,546,88,,Registered
2184,546,60,,Registered
2185,547,91,,Registered
2186,547,15,,Registered
2187,547,141,,Registered
2188,547,45,,Registered
2189,548,55,,Registered
2190,548,137,,Registered
2191,548,40,,Registered
2192,548,130,,Registered
2193,549,98,,Registered
2194,549,22,,Registered
2195,549,52,,Registered
2196,549,26,,Registered
2197,550,110,,Registered
2198,550,99,,Registered
2199,550,94,,Registered
2200,550,28,,Registered
2201,551,68,,Registered
2202,551,63,,Registered
2203,551,19,,Registered
2204,551,112,,Registered
2205,552,35,,Registered
2206,552,57,,Registered
2207,552,55,,Registered
2208,552,139,,Registered
2209,553,4,,Registered
2210,553,152,,Registered
2211,553,99,,Registered
2212,553,82,,Registered
2213,554,140,,Registered
2214,554,43,,Registered
2215,554,112,,Registered
2216,554,74,,Registered
2217,555,48,,Registered
2218,555,142,,Registered
2219,555,63,,Registered
2220,555,67,,Registered
2221,556,151,,Registered
2222,556,47,,Registered
2223,556,69,,Registered
2224,556,74,,Registered
2225,557,140,,Registered
2226,557,70,,Registered
2227,557,96,,Registered
2228,557,136,,Registered
2229,558,148,,Registered
2230,558,48,,Registered
2231,558,55,,Registered
2232,558,58,,Registered
2233,559,98,,Registered
2234,559,120,,Registered
2235,559,75,,Registered
2236,559,65,,Registered
2237,560,145,,Registered
2238,560,71,,Registered
2239,560,107,,Registered
2240,560,72,,Registered
2241,561,68,,Registered
2242,561,121,,Registered
2243,561,101,,Registered
2244,561,133,,Registered
2245,562,148,,Registered
2246,562,26,,Registered
2247,562,151,,Registered
2248,562,113,,Registered
2249,563,6,,Registered
2250,563,102,,Registered
2251,563,54,,Registered
2252,563,36,,Registered
2253,564,67,,Registered
2254,564,105,,Registered
2255,564,88,,Registered
2256,564,7,,Registered
2257,565,141,,Registered
2258,565,112,,Registered
2259,565,38,,Registered
2260,565,111,,Registered
2261,566,35,,Registered
2262,566,47,,Registered
2263,566,83,,Registered
2264,566,151,,Registered
2265,567,17,,Registered
2266,567,47,,Registered
2267,567,30,,Registered
2268,567,137,,Registered
2269,568,149,,Registered
2270,568,1,,Registered
2271,568,62,,Registered
2272,568,56,,Registered
2273,569,33,,Registered
2274,569,86,,Registered
2275,569,139,,Registered
2276,569,150,,Registered
2277,570,61,,Registered
2278,570,49,,Registered
2279,570,130,,Registered
2280,570,59,,Registered
2281,571,49,,Registered
2282,571,127,,Registered
2283,571,57,,Registered
2284,571,24,,Registered
2285,572,103,,Registered
2286,572,146,,Registered
2287,572,64,,Registered
2288,572,12,,Registered
2289,573,103,,Registered
2290,573,126,,Registered
2291,573,46,,Registered
2292,573,112,,Registered
2293,574,82,,Registered
2294,574,40,,Registered
2295,574,60,,Registered
2296,574,142,,Registered
2297,575,154,,Registered
2298,575,72,,Registered
2299,575,130,,Registered
2300,575,44,,Registered
2301,576,63,,Registered
2302,576,55,,Registered
2303,576,77,,Registered
2304,576,135,,Registered
2305,577,158,,Registered
2306,577,86,,Registered
2307,577,52,,Registered
2308,577,48,,Registered
2309,578,24,,Registered
2310,578,85,,Registered
2311,578,101,,Registered
2312,578,74,,Registered
2313,579,60,,Registered
2314,579,103,,Registered
2315,579,52,,Registered
2316,579,133,,Registered
2317,580,117,,Registered
2318,580,53,,Registered
2319,580,126,,Registered
2320,580,80,,Registered
2321,581,151,,Registered
2322,581,108,,Registered
2323,581,17,,Registered
2324,581,110,,Registered
2325,582,7,,Registered
2326,582,76,,Registered
2327,582,80,,Registered
2328,582,61,,Registered
2329,583,149,,Registered
2330,583,150,,Registered
2331,583,94,,Registered
2332,583,111,,Registered
2333,584,82,,Registered
2334,584,132,,Registered
2335,584,143,,Registered
2336,584,138,,Registered
2337,585,45,,Registered
2338,585,42,,Registered
2339,585,116,,Registered
2340,585,63,,Registered
2341,586,27,,Registered
2342,586,69,,Registered
2343,586,146,,Registered
2344,586,112,,Registered
2345,587,123,,Registered
2346,587,136,,Registered
2347,587,77,,Registered
2348,587,154,,Registered
2349,588,12,,Registered
2350,588,16,,Registered
2351,588,106,,Registered
2352,588,34,,Registered
2353,589,80,,Registered
2354,589,6,,Registered
2355,589,103,,Registered
2356,589,152,,Registered
2357,590,102,,Registered
2358,590,152,,Registered
2359,590,20,,Registered
2360,590,54,,Registered
2361,591,61,,Registered
2362,591,23,,Registered
2363,591,88,,Registered
2364,591,133,,Registered
2365,592,32,,Registered
2366,592,55,,Registered
2367,592,48,,Registered
2368,592,123,,Registered
2369,593,51,,Registered
2370,593,83,,Registered
2371,593,48,,Registered
2372,593,85,,Registered
2373,594,148,,Registered
2374,594,85,,Registered
2375,594,142,,Registered
2376,594,36,,Registered
2377,595,127,,Registered
2378,595,133,,Registered
2379,595,21,,Registered
2380,595,156,,Registered
2381,596,143,,Registered
2382,596,153,,Registered
2383,596,125,,Registered
2384,596,107,,Registered
2385,597,143,,Registered
2386,597,111,,Registered
2387,597,5,,Registered
2388,597,71,,Registered
2389,598,5,,Registered
2390,598,3,,Registered
2391,598,88,,Registered
2392,598,125,,Registered
2393,599,46,,Registered
2394,599,57,,Registered
2395,599,75,,Registered
2396,599,50,,Registered
2397,600,92,,Registered
2398,600,45,,Registered
2399,600,88,,Registered
2400,600,149,,Registered
2401,601,153,,Registered
2402,601,89,,Registered
2403,601,72,,Registered
2404,601,1,,Registered
2405,602,87,,Registered
2406,602,4,,Registered
2407,602,7,,Registered
2408,602,39,,Registered
2409,603,56,,Registered
2410,603,114,,Registered
2411,603,69,,Registered
2412,603,59,,Registered
2413,604,72,,Registered
2414,604,140,,Registered
2415,604,91,,Registered
2416,604,142,,Registered
2417,605,97,,Registered
2418,605,33,,Registered
2419,605,143,,Registered
2420,605,71,,Registered
2421,606,58,,Registered
2422,606,48,,Registered
2423,606,74,,Registered
2424,606,64,,Registered
2425,607,92,,Registered
2426,607,40,,Registered
2427,607,122,,Registered
2428,607,105,,Registered
2429,608,154,,Registered
2430,608,61,,Registered
2431,608,25,,Registered
2432,608,143,,Registered
2433,609,117,,Registered
2434,609,83,,Registered
2435,609,82,,Registered
2436,609,94,,Registered
2437,610,142,,Registered
2438,610,63,,Registered
2439,610,157,,Registered
2440,610,7,,Registered
2441,611,67,,Registered
2442,611,91,,Registered
2443,611,99,,Registered
2444,611,96,,Registered
2445,612,97,,Registered
2446,612,101,,Registered
2447,612,94,,Registered
2448,612,114,,Registered
2449,613,143,,Registered
2450,613,19,,Registered
2451,613,146,,Registered
2452,613,7,,Registered
2453,614,8,,Registered
2454,614,74,,Registered
2455,614,116,,Registered
2456,614,59,,Registered
2457,615,96,,Registered
2458,615,104,,Registered
2459,615,22,,Registered
2460,615,137,,Registered
2461,616,5,,Registered
2462,616,69,,Registered
2463,616,52,,Registered
2464,616,43,,Registered
2465,617,156,,Registered
2466,617,123,,Registered
2467,617,82,,Registered
2468,617,42,,Registered
2469,618,54,,Registered
2470,618,122,,Registered
2471,618,135,,Registered
2472,618,59,,Registered
2473,619,152,,Registered
2474,619,153,,Registered
2475,619,146,,Registered
2476,619,101,,Registered
2477,620,83,,Registered
2478,620,72,,Registered
2479,620,16,,Registered
2480,620,54,,Registered
2481,621,61,,Registered
2482,621,107,,Registered
2483,621,106,,Registered
2484,621,7,,Registered
2485,622,148,,Registered
2486,622,135,,Registered
2487,622,152,,Registered
2488,622,126,,Registered
2489,623,64,,Registered
2490,623,44,,Registered
2491,623,129,,Registered
2492,623,144,,Registered
2493,624,123,,Registered
2494,624,10,,Registered
2495,624,93,,Registered
2496,624,31,,Registered
2497,625,68,,Registered
2498,625,21,,Registered
2499,625,136,,Registered
2500,625,101,,Registered
2501,626,98,,Registered
2502,626,111,,Registered
2503,626,146,,Registered
2504,626,149,,Registered
2505,627,127,,Registered
2506,627,111,,Registered
2507,627,97,,Registered
2508,627,115,,Registered
2509,628,156,,Registered
2510,628,102,,Registered
2511,628,140,,Registered
2512,628,133,,Registered
2513,629,102,,Registered
2514,629,32,,Registered
2515,629,138,,Registered
2516,629,1,,Registered
2517,630,74,,Registered
2518,630,152,,Registered
2519,630,27,,Registered
2520,630,16,,Registered
2521,631,151,,Registered
2522,631,70,,Registered
2523,631,13,,Registered
2524,631,145,,Registered
2525,632,148,,Registered
2526,632,116,,Registered
2527,632,114,,Registered
2528,632,5,,Registered
2529,633,17,,Registered
2530,633,153,,Registered
2531,633,106,,Registered
2532,633,146,,Registered
2533,634,140,,Registered
2534,634,122,,Registered
2535,634,68,,Registered
2536,634,58,,Registered
2537,635,48,,Registered
2538,635,19,,Registered
2539,635,95,,Registered
2540,635,138,,Registered
2541,636,58,,Registered
2542,636,103,,Registered
2543,636,7,,Registered
2544,636,35,,Registered
2545,637,93,,Registered
2546,637,13,,Registered
2547,637,91,,Registered
2548,637,119,,Registered
2549,638,114,,Registered
2550,638,147,,Registered
2551,638,10,,Registered
2552,638,121,,Registered
2553,639,109,,Registered
2554,639,3,,Registered
2555,639,150,,Registered
2556,639,47,,Registered
2557,640,77,,Registered
2558,640,90,,Registered
2559,640,29,,Registered
2560,640,142,,Registered
2561,641,96,,Registered
2562,641,60,,Registered
2563,641,123,,Registered
2564,641,121,,Registered
2565,642,145,,Registered
2566,642,105,,Registered
2567,642,59,,Registered
2568,642,133,,Registered
2569,643,9,,Registered
2570,643,137,,Registered
2571,643,58,,Registered
2572,643,91,,Registered
2573,644,138,,Registered
2574,644,67,,Registered
2575,644,78,,Registered
2576,644,72,,Registered
2577,645,118,,Registered
2578,645,42,,Registered
2579,645,6,,Registered
2580,645,22,,Registered
2581,646,97,,Registered
2582,646,120,,Registered
2583,646,66,,Registered
2584,646,101,,Registered
2585,647,6,,Registered
2586,647,147,,Registered
2587,647,98,,Registered
2588,647,105,,Registered
2589,648,92,,Registered
2590,648,97,,Registered
2591,648,117,,Registered
2592,648,114,,Registered
2593,649,48,,Registered
2594,649,120,,Registered
2595,649,77,,Registered
2596,649,11,,Registered
2597,650,134,,Registered
2598,650,81,,Registered
2599,650,60,,Registered
2600,650,51,,Registered
2601,651,120,,Registered
2602,651,21,,Registered
2603,651,119,,Registered
2604,651,11,,Registered
2605,652,58,,Registered
2606,652,3,,Registered
2607,652,79,,Registered
2608,652,94,,Registered
2609,653,13,,Registered
2610,653,115,,Registered
2611,653,51,,Registered
2612,653,32,,Registered
2613,654,104,,Registered
2614,654,1,,Registered
2615,654,85,,Registered
2616,654,118,,Registered
2617,655,9,,Registered
2618,655,18,,Registered
2619,655,126,,Registered
2620,655,143,,Registered
2621,656,119,,Registered
2622,656,101,,Registered
2623,656,152,,Registered
2624,656,141,,Registered
2625,657,18,,Registered
2626,657,123,,Registered
2627,657,11,,Registered
2628,657,111,,Registered
2629,658,84,,Registered
2630,658,61,,Registered
2631,658,138,,Registered
2632,658,43,,Registered
2633,659,43,,Registered
2634,659,59,,Registered
2635,659,60,,Registered
2636,659,22,,Registered
2637,660,12,,Registered
2638,660,16,,Registered
2639,660,64,,Registered
2640,660,37,,Registered
2641,661,153,,Registered
2642,661,148,,Registered
2643,661,104,,Registered
2644,661,152,,Registered
2645,662,120,,Registered
2646,662,27,,Registered
2647,662,60,,Registered
2648,662,48,,Registered
2649,663,29,,Registered
2650,663,133,,Registered
2651,663,55,,Registered
2652,663,126,,Registered
2653,664,147,,Registered
2654,664,52,,Registered
2655,664,99,,Registered
2656,664,124,,Registered
2657,665,99,,Registered
2658,665,150,,Registered
2659,665,121,,Registered
2660,665,156,,Registered
2661,666,89,,Registered
2662,666,29,,Registered
2663,666,12,,Registered
2664,666,6,,Registered
2665,667,99,,Registered
2666,667,74,,Registered
2667,667,82,,Registered
2668,667,100,,Registered
2669,668,50,,Registered
2670,668,148,,Registered
2671,668,51,,Registered
2672,668,91,,Registered
2673,669,90,,Registered
2674,669,80,,Registered
2675,669,44,,Registered
2676,669,139,,Registered
2677,670,65,,Registered
2678,670,118,,Registered
2679,670,54,,Registered
2680,670,43,,Registered
2681,671,19,,Registered
2682,671,15,,Registered
2683,671,104,,Registered
2684,671,25,,Registered
2685,672,37,,Registered
2686,672,17,,Registered
2687,672,157,,Registered
2688,672,25,,Registered
2689,673,157,,Registered
2690,673,17,,Registered
2691,673,153,,Registered
2692,673,86,,Registered
2693,674,7,,Registered
2694,674,151,,Registered
2695,674,113,,Registered
2696,674,91,,Registered
2697,675,30,,Registered
2698,675,12,,Registered
2699,675,6,,Registered
2700,675,93,,Registered
2701,676,119,,Registered
2702,676,48,,Registered
2703,676,15,,Registered
2704,676,24,,Registered
2705,677,148,,Registered
2706,677,139,,Registered
2707,677,99,,Registered
2708,677,104,,Registered
2709,678,6,,Registered
2710,678,43,,Registered
2711,678,124,,Registered
2712,678,100,,Registered
2713,679,24,,Registered
2714,679,72,,Registered
2715,679,3,,Registered
2716,679,42,,Registered
2717,680,138,,Registered
2718,680,11,,Registered
2719,680,107,,Registered
2720,680,88,,Registered
2721,681,18,,Registered
2722,681,43,,Registered
2723,681,133,,Registered
2724,681,77,,Registered
2725,682,72,,Registered
2726,682,84,,Registered
2727,682,61,,Registered
2728,682,82,,Registered
2729,683,103,,Registered
2730,683,41,,Registered
2731,683,100,,Registered
2732,683,124,,Registered
2733,684,37,,Registered
2734,684,46,,Registered
2735,684,63,,Registered
2736,684,137,,Registered
2737,685,151,,Registered
2738,685,66,,Registered
2739,685,126,,Registered
2740,685,108,,Registered
2741,686,59,,Registered
2742,686,87,,Registered
2743,686,6,,Registered
2744,686,98,,Registered
2745,687,82,,Registered
2746,687,48,,Registered
2747,687,74,,Registered
2748,687,146,,Registered
2749,688,72,,Registered
2750,688,122,,Registered
2751,688,30,,Registered
2752,688,152,,Registered
2753,689,82,,Registered
2754,689,154,,Registered
2755,689,16,,Registered
2756,689,36,,Registered
2757,690,8,,Registered
2758,690,46,,Registered
2759,690,2,,Registered
2760,690,9,,Registered
2761,691,32,,Registered
2762,691,7,,Registered
2763,691,58,,Registered
2764,691,66,,Registered
2765,692,51,,Registered
2766,692,111,,Registered
2767,692,53,,Registered
2768,692,100,,Registered
2769,693,29,,Registered
2770,693,76,,Registered
2771,693,48,,Registered
2772,693,60,,Registered
2773,694,70,,Registered
2774,694,143,,Registered
2775,694,6,,Registered
2776,694,46,,Registered
2777,695,146,,Registered
2778,695,66,,Registered
2779,695,60,,Registered
2780,695,120,,Registered
2781,696,11,,Registered
2782,696,59,,Registered
2783,696,155,,Registered
2784,696,71,,Registered
2785,697,28,,Registered
2786,697,89,,Registered
2787,697,115,,Registered
2788,697,33,,Registered
2789,698,39,,Registered
2790,698,149,,Registered
2791,698,87,,Registered
2792,698,156,,Registered
2793,699,143,,Registered
2794,699,9,,Registered
2795,699,121,,Registered
2796,699,78,,Registered
2797,700,22,,Registered
2798,700,63,,Registered
2799,700,57,,Registered
2800,700,134,,Registered
2801,701,33,,Registered
2802,701,111,,Registered
2803,701,23,,Registered
2804,701,37,,Registered
2805,702,92,,Registered
2806,702,78,,Registered
2807,702,10,,Registered
2808,702,12,,Registered
2809,703,59,,Registered
2810,703,92,,Registered
2811,703,20,,Registered
2812,703,78,,Registered
2813,704,105,,Registered
2814,704,142,,Registered
2815,704,36,,Registered
2816,704,51,,Registered
2817,705,36,,Registered
2818,705,50,,Registered
2819,705,140,,Registered
2820,705,71,,Registered
2821,706,84,,Registered
2822,706,57,,Registered
2823,706,115,,Registered
2824,706,139,,Registered
2825,707,17,,Registered
2826,707,133,,Registered
2827,707,86,,Registered
2828,707,48,,Registered
2829,708,93,,Registered
2830,708,132,,Registered
2831,708,156,,Registered
2832,708,6,,Registered
2833,709,123,,Registered
2834,709,122,,Registered
2835,709,28,,Registered
2836,709,93,,Registered
2837,710,60,,Registered
2838,710,25,,Registered
2839,710,99,,Registered
2840,710,47,,Registered
2841,711,44,,Registered
2842,711,74,,Registered
2843,711,35,,Registered
2844,711,101,,Registered
2845,712,115,,Registered
2846,712,101,,Registered
2847,712,83,,Registered
2848,712,153,,Registered
2849,713,9,,Registered
2850,713,142,,Registered
2851,713,20,,Registered
2852,713,95,,Registered
2853,714,83,,Registered
2854,714,104,,Registered
2855,714,141,,Registered
2856,714,106,,Registered
2857,715,109,,Registered
2858,715,62,,Registered
2859,715,144,,Registered
2860,715,152,,Registered
2861,716,149,,Registered
2862,716,35,,Registered
2863,716,136,,Registered
2864,716,128,,Registered
2865,717,53,,Registered
2866,717,32,,Registered
2867,717,90,,Registered
2868,717,117,,Registered
2869,718,18,,Registered
2870,718,68,,Registered
2871,718,54,,Registered
2872,718,151,,Registered
2873,719,109,,Registered
2874,719,26,,Registered
2875,719,135,,Registered
2876,719,111,,Registered
2877,720,153,,Registered
2878,720,145,,Registered
2879,720,5,,Registered
2880,720,91,,Registered
2881,721,50,,Registered
2882,721,133,,Registered
2883,721,156,,Registered
2884,721,77,,Registered
2885,722,32,,Registered
2886,722,16,,Registered
2887,722,75,,Registered
2888,722,21,,Registered
2889,723,119,,Registered
2890,723,139,,Registered
2891,723,30,,Registered
2892,723,50,,Registered
2893,724,67,,Registered
2894,724,54,,Registered
2895,724,132,,Registered
2896,724,49,,Registered
2897,725,3,,Registered
2898,725,84,,Registered
2899,725,34,,Registered
2900,725,16,,Registered
2901,726,74,,Registered
2902,726,120,,Registered
2903,726,2,,Registered
2904,726,7,,Registered
2905,727,106,,Registered
2906,727,107,,Registered
2907,727,39,,Registered
2908,727,137,,Registered
2909,728,119,,Registered
2910,728,60,,Registered
2911,728,125,,Registered
2912,728,132,,Registered
2913,729,48,,Registered
2914,729,32,,Registered
2915,729,37,,Registered
2916,729,122,,Registered
2917,730,3,,Registered
2918,730,9,,Registered
2919,730,25,,Registered
2920,730,92,,Registered
2921,731,15,,Registered
2922,731,124,,Registered
2923,731,24,,Registered
2924,731,12,,Registered
2925,732,51,,Registered
2926,732,15,,Registered
2927,732,108,,Registered
2928,732,16,,Registered
2929,733,8,,Registered
2930,733,75,,Registered
2931,733,44,,Registered
2932,733,97,,Registered
2933,734,138,,Registered
2934,734,72,,Registered
2935,734,42,,Registered
2936,734,35,,Registered
2937,735,18,,Registered
2938,735,138,,Registered
2939,735,111,,Registered
2940,735,56,,Registered
2941,736,67,,Registered
2942,736,20,,Registered
2943,736,70,,Registered
2944,736,114,,Registered
2945,737,152,,Registered
2946,737,68,,Registered
2947,737,155,,Registered
2948,737,113,,Registered
2949,738,148,,Registered
2950,738,10,,Registered
2951,738,102,,Registered
2952,738,63,,Registered
2953,739,10,,Registered
2954,739,148,,Registered
2955,739,38,,Registered
2956,739,84,,Registered
2957,740,141,,Registered
2958,740,7,,Registered
2959,740,72,,Registered
2960,740,118,,Registered
2961,741,87,,Registered
2962,741,71,,Registered
2963,741,66,,Registered
2964,741,90,,Registered
2965,742,88,,Registered
2966,742,35,,Registered
2967,742,8,,Registered
2968,742,25,,Registered
2969,743,122,,Registered
2970,743,36,,Registered
2971,743,7,,Registered
2972,743,148,,Registered
2973,744,34,,Registered
2974,744,51,,Registered
2975,744,123,,Registered
2976,744,146,,Registered
2977,745,129,,Registered
2978,745,10,,Registered
2979,745,48,,Registered
2980,745,84,,Registered
2981,746,117,,Registered
2982,746,122,,Registered
2983,746,87,,Registered
2984,746,149,,Registered
2985,747,105,,Registered
2986,747,16,,Registered
2987,747,96,,Registered
2988,747,44,,Registered
2989,748,133,,Registered
2990,748,54,,Registered
2991,748,42,,Registered
2992,748,51,,Registered
2993,749,109,,Registered
2994,749,61,,Registered
2995,749,51,,Registered
2996,749,35,,Registered
2997,750,52,,Registered
2998,750,135,,Registered
2999,750,10,,Registered
3000,750,14,,Registered
3001,751,92,,Registered
3002,751,35,,Registered
3003,751,19,,Registered
3004,751,33,,Registered
3005,752,15,,Registered
3006,752,114,,Registered
3007,752,102,,Registered
3008,752,75,,Registered
3009,753,143,,Registered
3010,753,152,,Registered
3011,753,22,,Registered
3012,753,10,,Registered
3013,754,26,,Registered
3014,754,60,,Registered
3015,754,14,,Registered
3016,754,58,,Registered
3017,755,110,,Registered
3018,755,146,,Registered
3019,755,119,,Registered
3020,755,143,,Registered
3021,756,44,,Registered
3022,756,116,,Registered
3023,756,100,,Registered
3024,756,155,,Registered
3025,757,139,,Registered
3026,757,76,,Registered
3027,757,80,,Registered
3028,757,10,,Registered
3029,758,116,,Registered
3030,758,76,,Registered
3031,758,45,,Registered
3032,758,35,,Registered
3033,759,58,,Registered
3034,759,90,,Registered
3035,759,79,,Registered
3036,759,134,,Registered
3037,760,54,,Registered
3038,760,88,,Registered
3039,760,1,,Registered
3040,760,34,,Registered
3041,761,107,,Registered
3042,761,116,,Registered
3043,761,60,,Registered
3044,761,100,,Registered
3045,762,96,,Registered
3046,762,145,,Registered
3047,762,60,,Registered
3048,762,80,,Registered
3049,763,132,,Registered
3050,763,146,,Registered
3051,763,120,,Registered
3052,763,152,,Registered
3053,764,155,,Registered
3054,764,148,,Registered
3055,764,140,,Registered
3056,764,105,,Registered
3057,765,125,,Registered
3058,765,131,,Registered
3059,765,112,,Registered
3060,765,58,,Registered
3061,766,133,,Registered
3062,766,128,,Registered
3063,766,50,,Registered
3064,766,7,,Registered
3065,767,44,,Registered
3066,767,22,,Registered
3067,767,105,,Registered
3068,767,98,,Registered
3069,768,1,,Registered
3070,768,37,,Registered
3071,768,129,,Registered
3072,768,152,,Registered
3073,769,107,,Registered
3074,769,104,,Registered
3075,769,116,,Registered
3076,769,105,,Registered
3077,770,58,,Registered
3078,770,156,,Registered
3079,770,152,,Registered
3080,770,124,,Registered
3081,771,116,,Registered
3082,771,142,,Registered
3083,771,28,,Registered
3084,771,152,,Registered
3085,772,100,,Registered
3086,772,141,,Registered
3087,772,73,,Registered
3088,772,24,,Registered
3089,773,124,,Registered
3090,773,116,,Registered
3091,773,30,,Registered
3092,773,24,,Registered
3093,774,56,,Registered
3094,774,75,,Registered
3095,774,50,,Registered
3096,774,111,,Registered
3097,775,75,,Registered
3098,775,112,,Registered
3099,775,120,,Registered
3100,775,90,,Registered
3101,776,149,,Registered
3102,776,122,,Registered
3103,776,33,,Registered
3104,776,84,,Registered
3105,777,13,,Registered
3106,777,79,,Registered
3107,777,122,,Registered
3108,777,147,,Registered
3109,778,112,,Registered
3110,778,42,,Registered
3111,778,84,,Registered
3112,778,11,,Registered
3113,779,1,,Registered
3114,779,80,,Registered
3115,779,4,,Registered
3116,779,83,,Registered
3117,780,54,,Registered
3118,780,126,,Registered
3119,780,150,,Registered
3120,780,62,,Registered
3121,781,148,,Registered
3122,781,91,,Registered
3123,781,63,,Registered
3124,781,99,,Registered
3125,782,16,,Registered
3126,782,90,,Registered
3127,782,65,,Registered
3128,782,105,,Registered
3129,783,12,,Registered
3130,783,128,,Registered
3131,783,84,,Registered
3132,783,72,,Registered
3133,784,15,,Registered
3134,784,77,,Registered
3135,784,25,,Registered
3136,784,153,,Registered
3137,785,111,,Registered
3138,785,128,,Registered
3139,785,50,,Registered
3140,785,112,,Registered
3141,786,28,,Registered
3142,786,68,,Registered
3143,786,40,,Registered
3144,786,30,,Registered
3145,787,113,,Registered
3146,787,125,,Registered
3147,787,56,,Registered
3148,787,158,,Registered
3149,788,28,,Registered
3150,788,132,,Registered
3151,788,76,,Registered
3152,788,7,,Registered
3153,789,19,,Registered
3154,789,92,,Registered
3155,789,40,,Registered
3156,789,18,,Registered
3157,790,132,,Registered
3158,790,35,,Registered
3159,790,6,,Registered
3160,790,8,,Registered
3161,791,12,,Registered
3162,791,61,,Registered
3163,791,117,,Registered
3164,791,2,,Registered
3165,792,74,,Registered
3166,792,155,,Registered
3167,792,127,,Registered
3168,792,119,,Registered
3169,793,90,,Registered
3170,793,136,,Registered
3171,793,82,,Registered
3172,793,131,,Registered
3173,794,120,,Registered
3174,794,127,,Registered
3175,794,150,,Registered
3176,794,72,,Registered
3177,795,37,,Registered
3178,795,126,,Registered
3179,795,15,,Registered
3180,795,44,,Registered
3181,796,116,,Registered
3182,796,105,,Registered
3183,796,125,,Registered
3184,796,62,,Registered
3185,797,111,,Registered
3186,797,51,,Registered
3187,797,119,,Registered
3188,797,14,,Registered
3189,798,46,,Registered
3190,798,44,,Registered
3191,798,105,,Registered
3192,798,100,,Registered
3193,799,15,,Registered
3194,799,54,,Registered
3195,799,104,,Registered
3196,799,110,,Registered
3197,800,84,,Registered
3198,800,143,,Registered
3199,800,95,,Registered
3200,800,101,,Registered
3201,801,29,,Registered
3202,801,86,,Registered
3203,801,95,,Registered
3204,801,96,,Registered
3205,802,76,,Registered
3206,802,10,,Registered
3207,802,138,,Registered
3208,802,102,,Registered
3209,803,59,,Registered
3210,803,57,,Registered
3211,803,97,,Registered
3212,803,109,,Registered
3213,804,133,,Registered
3214,804,97,,Registered
3215,804,99,,Registered
3216,804,129,,Registered
3217,805,11,,Registered
3218,805,124,,Registered
3219,805,123,,Registered
3220,805,74,,Registered
3221,806,127,,Registered
3222,806,31,,Registered
3223,806,96,,Registered
3224,806,81,,Registered
3225,807,21,,Registered
3226,807,132,,Registered
3227,807,7,,Registered
3228,807,102,,Registered
3229,808,80,,Registered
3230,808,103,,Registered
3231,808,63,,Registered
3232,808,143,,Registered
3233,809,48,,Registered
3234,809,106,,Registered
3235,809,10,,Registered
3236,809,75,,Registered
3237,810,56,,Registered
3238,810,154,,Registered
3239,810,48,,Registered
3240,810,91,,Registered
3241,811,73,,Registered
3242,811,104,,Registered
3243,811,62,,Registered
3244,811,20,,Registered
3245,812,36,,Registered
3246,812,133,,Registered
3247,812,141,,Registered
3248,812,94,,Registered
3249,813,153,,Registered
3250,813,52,,Registered
3251,813,99,,Registered
3252,813,31,,Registered
3253,814,58,,Registered
3254,814,90,,Registered
3255,814,7,,Registered
3256,814,31,,Registered
3257,815,148,,Registered
3258,815,30,,Registered
3259,815,78,,Registered
3260,815,82,,Registered
3261,816,10,,Registered
3262,816,1,,Registered
3263,816,134,,Registered
3264,816,25,,Registered
3265,817,92,,Registered
3266,817,71,,Registered
3267,817,112,,Registered
3268,817,89,,Registered
3269,818,36,,Registered
3270,818,154,,Registered
3271,818,111,,Registered
3272,818,40,,Registered
3273,819,104,,Registered
3274,819,93,,Registered
3275,819,20,,Registered
3276,819,137,,Registered
3277,820,19,,Registered
3278,820,96,,Registered
3279,820,46,,Registered
3280,820,107,,Registered
3281,821,102,,Registered
3282,821,26,,Registered
3283,821,20,,Registered
3284,821,59,,Registered
3285,822,72,,Registered
3286,822,152,,Registered
3287,822,48,,Registered
3288,822,136,,Registered
3289,823,36,,Registered
3290,823,120,,Registered
3291,823,149,,Registered
3292,823,29,,Registered
3293,824,71,,Registered
3294,824,110,,Registered
3295,824,149,,Registered
3296,824,111,,Registered
3297,825,59,,Registered
3298,825,70,,Registered
3299,825,42,,Registered
3300,825,11,,Registered
3301,826,110,,Registered
3302,826,1,,Registered
3303,826,120,,Registered
3304,826,141,,Registered
3305,827,129,,Registered
3306,827,30,,Registered
3307,827,75,,Registered
3308,827,17,,Registered
3309,828,40,,Registered
3310,828,119,,Registered
3311,828,141,,Registered
3312,828,90,,Registered
3313,829,60,,Registered
3314,829,119,,Registered
3315,829,148,,Registered
3316,829,111,,Registered
3317,830,97,,Registered
3318,830,78,,Registered
3319,830,50,,Registered
3320,830,131,,Registered
3321,831,116,,Registered
3322,831,95,,Registered
3323,831,33,,Registered
3324,831,20,,Registered
3325,832,101,,Registered
3326,832,98,,Registered
3327,832,76,,Registered
3328,832,120,,Registered
3329,833,16,,Registered
3330,833,103,,Registered
3331,833,35,,Registered
3332,833,74,,Registered
3333,834,37,,Registered
3334,834,118,,Registered
3335,834,122,,Registered
3336,834,102,,Registered
3337,835,69,,Registered
3338,835,139,,Registered
3339,835,134,,Registered
3340,835,28,,Registered
3341,836,13,,Registered
3342,836,143,,Registered
3343,836,21,,Registered
3344,836,36,,Registered
3345,837,74,,Registered
3346,837,100,,Registered
3347,837,89,,Registered
3348,837,31,,Registered
3349,838,126,,Registered
3350,838,97,,Registered
3351,838,136,,Registered
3352,838,58,,Registered
3353,839,155,,Registered
3354,839,10,,Registered
3355,839,75,,Registered
3356,839,58,,Registered
3357,840,88,,Registered
3358,840,115,,Registered
3359,840,7,,Registered
3360,840,121,,Registered
3361,841,3,,Registered
3362,841,42,,Registered
3363,841,123,,Registered
3364,841,139,,Registered
3365,842,126,,Registered
3366,842,79,,Registered
3367,842,97,,Registered
3368,842,60,,Registered
3369,843,139,,Registered
3370,843,61,,Registered
3371,843,36,,Registered
3372,843,70,,Registered
3373,844,49,,Registered
3374,844,97,,Registered
3375,844,152,,Registered
3376,844,75,,Registered
3377,845,54,,Registered
3378,845,80,,Registered
3379,845,152,,Registered
3380,845,67,,Registered
3381,846,142,,Registered
3382,846,145,,Registered
3383,846,58,,Registered
3384,846,77,,Registered
3385,847,134,,Registered
3386,847,41,,Registered
3387,847,133,,Registered
3388,847,155,,Registered
3389,848,72,,Registered
3390,848,103,,Registered
3391,848,40,,Registered
3392,848,87,,Registered
3393,849,127,,Registered
3394,849,7,,Registered
3395,849,120,,Registered
3396,849,57,,Registered
3397,850,152,,Registered
3398,850,156,,Registered
3399,850,102,,Registered
3400,850,2,,Registered
3401,851,23,,Registered
3402,851,76,,Registered
3403,851,32,,Registered
3404,851,124,,Registered
3405,852,87,,Registered
3406,852,4,,Registered
3407,852,111,,Registered
3408,852,140,,Registered
3409,853,126,,Registered
3410,853,51,,Registered
3411,853,19,,Registered
3412,853,65,,Registered
3413,854,134,,Registered
3414,854,87,,Registered
3415,854,93,,Registered
3416,854,42,,Registered
3417,855,31,,Registered
3418,855,142,,Registered
3419,855,158,,Registered
3420,855,133,,Registered
3421,856,51,,Registered
3422,856,53,,Registered
3423,856,102,,Registered
3424,856,47,,Registered
3425,857,109,,Registered
3426,857,3,,Registered
3427,857,23,,Registered
3428,857,55,,Registered
3429,858,60,,Registered
3430,858,115,,Registered
3431,858,62,,Registered
3432,858,118,,Registered
3433,859,29,,Registered
3434,859,32,,Registered
3435,859,3,,Registered
3436,859,98,,Registered
3437,860,42,,Registered
3438,860,31,,Registered
3439,860,113,,Registered
3440,860,130,,Registered
3441,861,67,,Registered
3442,861,115,,Registered
3443,861,19,,Registered
3444,861,101,,Registered
3445,862,46,,Registered
3446,862,13,,Registered
3447,862,84,,Registered
3448,862,139,,Registered
3449,863,120,,Registered
3450,863,35,,Registered
3451,863,6,,Registered
3452,863,119,,Registered
3453,864,142,,Registered
3454,864,35,,Registered
3455,864,84,,Registered
3456,864,61,,Registered
3457,865,100,,Registered
3458,865,72,,Registered
3459,865,6,,Registered
3460,865,121,,Registered
3461,866,54,,Registered
3462,866,78,,Registered
3463,866,27,,Registered
3464,866,146,,Registered
3465,867,143,,Registered
3466,867,107,,Registered
3467,867,31,,Registered
3468,867,8,,Registered
3469,868,65,,Registered
3470,868,131,,Registered
3471,868,35,,Registered
3472,868,44,,Registered
3473,869,43,,Registered
3474,869,61,,Registered
3475,869,87,,Registered
3476,869,10,,Registered
3477,870,154,,Registered
3478,870,133,,Registered
3479,870,139,,Registered
3480,870,68,,Registered
3481,871,35,,Registered
3482,871,75,,Registered
3483,871,45,,Registered
3484,871,68,,Registered
3485,872,105,,Registered
3486,872,2,,Registered
3487,872,129,,Registered
3488,872,77,,Registered
3489,873,128,,Registered
3490,873,97,,Registered
3491,873,81,,Registered
3492,873,139,,Registered
3493,874,91,,Registered
3494,874,123,,Registered
3495,874,24,,Registered
3496,874,74,,Registered
3497,875,90,,Registered
3498,875,146,,Registered
3499,875,134,,Registered
3500,875,87,,Registered
3501,876,158,,Registered
3502,876,44,,Registered
3503,876,138,,Registered
3504,876,95,,Registered
3505,877,20,,Registered
3506,877,148,,Registered
3507,877,137,,Registered
3508,877,80,,Registered
3509,878,97,,Registered
3510,878,35,,Registered
3511,878,30,,Registered
3512,878,152,,Registered
3513,879,141,,Registered
3514,879,147,,Registered
3515,879,24,,Registered
3516,879,55,,Registered
3517,880,36,,Registered
3518,880,41,,Registered
3519,880,9,,Registered
3520,880,32,,Registered
3521,881,5,,Registered
3522,881,98,,Registered
3523,881,14,,Registered
3524,881,147,,Registered
3525,882,38,,Registered
3526,882,8,,Registered
3527,882,74,,Registered
3528,882,145,,Registered
3529,883,47,,Registered
3530,883,155,,Registered
3531,883,33,,Registered
3532,883,81,,Registered
3533,884,130,,Registered
3534,884,14,,Registered
3535,884,41,,Registered
3536,884,82,,Registered
3537,885,157,,Registered
3538,885,36,,Registered
3539,885,131,,Registered
3540,885,111,,Registered
3541,886,7,,Registered
3542,886,80,,Registered
3543,886,51,,Registered
3544,886,63,,Registered
3545,887,123,,Registered
3546,887,83,,Registered
3547,887,76,,Registered
3548,887,50,,Registered
3549,888,120,,Registered
3550,888,113,,Registered
3551,888,38,,Registered
3552,888,102,,Registered
3553,889,141,,Registered
3554,889,137,,Registered
3555,889,69,,Registered
3556,889,17,,Registered
3557,890,109,,Registered
3558,890,84,,Registered
3559,890,5,,Registered
3560,890,92,,Registered
3561,891,120,,Registered
3562,891,75,,Registered
3563,891,37,,Registered
3564,891,147,,Registered
3565,892,84,,Registered
3566,892,67,,Registered
3567,892,78,,Registered
3568,892,131,,Registered
3569,893,102,,Registered
3570,893,20,,Registered
3571,893,135,,Registered
3572,893,87,,Registered
3573,894,81,,Registered
3574,894,71,,Registered
3575,894,146,,Registered
3576,894,123,,Registered
3577,895,19,,Registered
3578,895,14,,Registered
3579,895,96,,Registered
3580,895,129,,Registered
3581,896,62,,Registered
3582,896,109,,Registered
3583,896,147,,Registered
3584,896,127,,Registered
3585,897,151,,Registered
3586,897,93,,Registered
3587,897,28,,Registered
3588,897,149,,Registered
3589,898,111,,Registered
3590,898,25,,Registered
3591,898,79,,Registered
3592,898,41,,Registered
3593,899,136,,Registered
3594,899,93,,Registered
3595,899,105,,Registered
3596,899,150,,Registered
3597,900,69,,Registered
3598,900,137,,Registered
3599,900,84,,Registered
3600,900,7,,Registered
3601,901,112,,Registered
3602,901,35,,Registered
3603,901,34,,Registered
3604,901,68,,Registered
3605,902,152,,Registered
3606,902,124,,Registered
3607,902,63,,Registered
3608,902,29,,Registered
3609,903,125,,Registered
3610,903,10,,Registered
3611,903,29,,Registered
3612,903,138,,Registered
3613,904,12,,Registered
3614,904,96,,Registered
3615,904,79,,Registered
3616,904,140,,Registered
3617,905,84,,Registered
3618,905,52,,Registered
3619,905,53,,Registered
3620,905,11,,Registered
3621,906,140,,Registered
3622,906,8,,Registered
3623,906,6,,Registered
3624,906,12,,Registered
3625,907,82,,Registered
3626,907,61,,Registered
3627,907,7,,Registered
3628,907,38,,Registered
3629,908,75,,Registered
3630,908,57,,Registered
3631,908,137,,Registered
3632,908,126,,Registered
3633,909,106,,Registered
3634,909,50,,Registered
3635,909,74,,Registered
3636,909,9,,Registered
3637,910,112,,Registered
3638,910,148,,Registered
3639,910,119,,Registered
3640,910,67,,Registered
3641,911,123,,Registered
3642,911,105,,Registered
3643,911,19,,Registered
3644,911,117,,Registered
3645,912,145,,Registered
3646,912,106,,Registered
3647,912,124,,Registered
3648,912,50,,Registered
3649,913,151,,Registered
3650,913,108,,Registered
3651,913,130,,Registered
3652,913,72,,Registered
3653,914,112,,Registered
3654,914,149,,Registered
3655,914,137,,Registered
3656,914,32,,Registered
3657,915,18,,Registered
3658,915,9,,Registered
3659,915,41,,Registered
3660,915,64,,Registered
3661,916,91,,Registered
3662,916,125,,Registered
3663,916,119,,Registered
3664,916,30,,Registered
3665,917,6,,Registered
3666,917,96,,Registered
3667,917,17,,Registered
3668,917,122,,Registered
3669,918,77,,Registered
3670,918,153,,Registered
3671,918,113,,Registered
3672,918,35,,Registered
3673,919,98,,Registered
3674,919,135,,Registered
3675,919,7,,Registered
3676,919,87,,Registered
3677,920,20,,Registered
3678,920,144,,Registered
3679,920,131,,Registered
3680,920,142,,Registered
3681,921,89,,Registered
3682,921,100,,Registered
3683,921,20,,Registered
3684,921,50,,Registered
3685,922,31,,Registered
3686,922,146,,Registered
3687,922,23,,Registered
3688,922,7,,Registered
3689,923,93,,Registered
3690,923,30,,Registered
3691,923,74,,Registered
3692,923,3,,Registered
3693,924,112,,Registered
3694,924,79,,Registered
3695,924,153,,Registered
3696,924,46,,Registered
3697,925,55,,Registered
3698,925,5,,Registered
3699,925,149,,Registered
3700,925,143,,Registered
3701,926,23,,Registered
3702,926,78,,Registered
3703,926,36,,Registered
3704,926,73,,Registered
3705,927,90,,Registered
3706,927,48,,Registered
3707,927,117,,Registered
3708,927,25,,Registered
3709,928,12,,Registered
3710,928,16,,Registered
3711,928,126,,Registered
3712,928,108,,Registered
3713,929,100,,Registered
3714,929,122,,Registered
3715,929,126,,Registered
3716,929,51,,Registered
3717,930,24,,Registered
3718,930,75,,Registered
3719,930,28,,Registered
3720,930,123,,Registered
3721,931,60,,Registered
3722,931,136,,Registered
3723,931,11,,Registered
3724,931,85,,Registered
3725,932,52,,Registered
3726,932,134,,Registered
3727,932,115,,Registered
3728,932,92,,Registered
3729,933,102,,Registered
3730,933,125,,Registered
3731,933,8,,Registered
3732,933,12,,Registered
3733,934,136,,Registered
3734,934,145,,Registered
3735,934,122,,Registered
3736,934,35,,Registered
3737,935,95,,Registered
3738,935,34,,Registered
3739,935,26,,Registered
3740,935,1,,Registered
3741,936,109,,Registered
3742,936,14,,Registered
3743,936,98,,Registered
3744,936,139,,Registered
3745,937,86,,Registered
3746,937,3,,Registered
3747,937,8,,Registered
3748,937,53,,Registered
3749,938,97,,Registered
3750,938,141,,Registered
3751,938,130,,Registered
3752,938,137,,Registered
3753,939,47,,Registered
3754,939,153,,Registered
3755,939,134,,Registered
3756,939,112,,Registered
3757,940,153,,Registered
3758,940,59,,Registered
3759,940,134,,Registered
3760,940,39,,Registered
3761,941,88,,Registered
3762,941,25,,Registered
3763,941,33,,Registered
3764,941,79,,Registered
3765,942,31,,Registered
3766,942,94,,Registered
3767,942,53,,Registered
3768,942,117,,Registered
3769,943,9,,Registered
3770,943,4,,Registered
3771,943,120,,Registered
3772,943,28,,Registered
3773,944,91,,Registered
3774,944,93,,Registered
3775,944,80,,Registered
3776,944,123,,Registered
3777,945,139,,Registered
3778,945,151,,Registered
3779,945,57,,Registered
3780,945,102,,Registered
3781,946,18,,Registered
3782,946,26,,Registered
3783,946,3,,Registered
3784,946,19,,Registered
3785,947,10,,Registered
3786,947,77,,Registered
3787,947,106,,Registered
3788,947,28,,Registered
3789,948,25,,Registered
3790,948,14,,Registered
3791,948,148,,Registered
3792,948,144,,Registered
3793,949,24,,Registered
3794,949,46,,Registered
3795,949,43,,Registered
3796,949,12,,Registered
3797,950,34,,Registered
3798,950,124,,Registered
3799,950,81,,Registered
3800,950,128,,Registered
3801,951,129,,Registered
3802,951,71,,Registered
3803,951,34,,Registered
3804,951,111,,Registered
3805,952,37,,Registered
3806,952,146,,Registered
3807,952,142,,Registered
3808,952,92,,Registered
3809,953,3,,Registered
3810,953,61,,Registered
3811,953,60,,Registered
3812,953,19,,Registered
3813,954,66,,Registered
3814,954,119,,Registered
3815,954,113,,Registered
3816,954,49,,Registered
3817,955,44,,Registered
3818,955,54,,Registered
3819,955,109,,Registered
3820,955,78,,Registered
3821,956,92,,Registered
3822,956,2,,Registered
3823,956,28,,Registered
3824,956,134,,Registered
3825,957,35,,Registered
3826,957,140,,Registered
3827,957,3,,Registered
3828,957,120,,Registered
3829,958,100,,Registered
3830,958,117,,Registered
3831,958,61,,Registered
3832,958,101,,Registered
3833,959,56,,Registered
3834,959,142,,Registered
3835,959,98,,Registered
3836,959,97,,Registered
3837,960,74,,Registered
3838,960,128,,Registered
3839,960,89,,Registered
3840,960,29,,Registered
3841,961,36,,Registered
3842,961,37,,Registered
3843,961,120,,Registered
3844,961,4,,Registered
3845,962,121,,Registered
3846,962,100,,Registered
3847,962,30,,Registered
3848,962,60,,Registered
3849,963,51,,Registered
3850,963,99,,Registered
3851,963,36,,Registered
3852,963,128,,Registered
3853,964,145,,Registered
3854,964,126,,Registered
3855,964,131,,Registered
3856,964,108,,Registered
3857,965,37,,Registered
3858,965,33,,Registered
3859,965,129,,Registered
3860,965,68,,Registered
3861,966,66,,Registered
3862,966,147,,Registered
3863,966,52,,Registered
3864,966,99,,Registered
3865,967,24,,Registered
3866,967,37,,Registered
3867,967,9,,Registered
3868,967,125,,Registered
3869,968,55,,Registered
3870,968,63,,Registered
3871,968,96,,Registered
3872,968,135,,Registered
3873,969,75,,Registered
3874,969,71,,Registered
3875,969,76,,Registered
3876,969,145,,Registered
3877,970,12,,Registered
3878,970,84,,Registered
3879,970,80,,Registered
3880,970,154,,Registered
3881,971,67,,Registered
3882,971,28,,Registered
3883,971,138,,Registered
3884,971,84,,Registered
3885,972,43,,Registered
3886,972,20,,Registered
3887,972,134,,Registered
3888,972,136,,Registered
3889,973,106,,Registered
3890,973,21,,Registered
3891,973,66,,Registered
3892,973,44,,Registered
3893,974,68,,Registered
3894,974,30,,Registered
3895,974,9,,Registered
3896,974,70,,Registered
3897,975,127,,Registered
3898,975,153,,Registered
3899,975,87,,Registered
3900,975,107,,Registered
3901,976,63,,Registered
3902,976,65,,Registered
3903,976,4,,Registered
3904,976,46,,Registered
3905,977,41,,Registered
3906,977,146,,Registered
3907,977,21,,Registered
3908,977,85,,Registered
3909,978,21,,Registered
3910,978,107,,Registered
3911,978,6,,Registered
3912,978,149,,Registered
3913,979,19,,Registered
3914,979,90,,Registered
3915,979,128,,Registered
3916,979,97,,Registered
3917,980,40,,Registered
3918,980,6,,Registered
3919,980,123,,Registered
3920,980,21,,Registered
3921,981,126,,Registered
3922,981,73,,Registered
3923,981,40,,Registered
3924,981,148,,Registered
3925,982,106,,Registered
3926,982,37,,Registered
3927,982,12,,Registered
3928,982,121,,Registered
3929,983,98,,Registered
3930,983,157,,Registered
3931,983,14,,Registered
3932,983,64,,Registered
3933,984,48,,Registered
3934,984,23,,Registered
3935,984,14,,Registered
3936,984,11,,Registered
3937,985,59,,Registered
3938,985,22,,Registered
3939,985,49,,Registered
3940,985,136,,Registered
3941,986,118,,Registered
3942,986,68,,Registered
3943,986,74,,Registered
3944,986,95,,Registered
3945,987,84,,Registered
3946,987,22,,Registered
3947,987,21,,Registered
3948,987,104,,Registered
3949,988,117,,Registered
3950,988,150,,Registered
3951,988,99,,Registered
3952,988,72,,Registered
3953,989,138,,Registered
3954,989,154,,Registered
3955,989,110,,Registered
3956,989,121,,Registered
3957,990,2,,Registered
3958,990,69,,Registered
3959,990,73,,Registered
3960,990,141,,Registered
3961,991,34,,Registered
3962,991,19,,Registered
3963,991,26,,Registered
3964,991,118,,Registered
3965,992,116,,Registered
3966,992,121,,Registered
3967,992,68,,Registered
3968,992,137,,Registered
3969,993,38,,Registered
3970,993,16,,Registered
3971,993,95,,Registered
3972,993,93,,Registered
3973,994,37,,Registered
3974,994,101,,Registered
3975,994,135,,Registered
3976,994,68,,Registered
3977,995,50,,Registered
3978,995,126,,Registered
3979,995,148,,Registered
3980,995,152,,Registered
3981,996,88,,Registered
3982,996,132,,Registered
3983,996,54,,Registered
3984,996,156,,Registered
3985,997,34,,Registered
3986,997,3,,Registered
3987,997,58,,Registered
3988,997,64,,Registered
3989,998,44,,Registered
3990,998,104,,Registered
3991,998,135,,Registered
3992,998,30,,Registered
3993,999,6,,Registered
3994,999,128,,Registered
3995,999,11,,Registered
3996,999,126,,Registered
3997,1000,4,,Registered
3998,1000,82,,Registered
3999,1000,135,,Registered
4000,1000,158,,Registered